
SELECT *
FROM NOT_EXISTS_IN_PRD;

TRUNCATE TABLE IMAGE_ANALYSIS;
TRUNCATE TABLE REPEAT_ANALYSIS;
TRUNCATE TABLE KEYWORD_MATCHING;
TRUNCATE TABLE KEYWORD_ANALYSIS;
TRUNCATE TABLE HABIT_ANALYSIS;
TRUNCATE TABLE VOICE_ANALYSIS;
TRUNCATE TABLE HABIT;
TRUNCATE TABLE KEYWORD;
TRUNCATE TABLE TALENT;
TRUNCATE TABLE ANSWER;
TRUNCATE TABLE QUESTION_GB;
TRUNCATE TABLE INTERVIEW;
TRUNCATE TABLE QUESTION;
TRUNCATE TABLE SAMPLE_QUESTION;
TRUNCATE TABLE PLAN_USE;
TRUNCATE TABLE PLAN;
TRUNCATE TABLE MESSAGE;
TRUNCATE TABLE SPEECH_TEST;
TRUNCATE TABLE SCRIPT;
TRUNCATE TABLE SCRIPT_GB;
TRUNCATE TABLE SCRIPT_TEST;
TRUNCATE TABLE REPLY;
TRUNCATE TABLE ATTACHMENT;
TRUNCATE TABLE BOARD;
TRUNCATE TABLE BOARD_GB;
TRUNCATE TABLE CATEGORY;
TRUNCATE TABLE MEMBER;

-- MEMBER
INSERT INTO MEMBER VALUES('TEST_ID','TEST_PW','Y','Y','TEST_ALIAS','TEST_NAME','010-1234-5678','TEST_ADDR1','TEST_ADDR2',12345,'신입','대학교 졸업','F','KAKAO','DEVELOPER','2020 상반기','공학','brown.png','D:\profile\brown.png');
INSERT INTO MEMBER VALUES('TEST_ID2','TEST_PW','Y','Y','TEST_ALIAS2','TEST_NAME2','010-1234-5678','TEST_ADDR1','TEST_ADDR2',12345,'경력','석/박사 이상','F','KAKAO','DEVELOPER','2019 하반기','인문','brown.png','D:\profile\brown.png');
INSERT INTO MEMBER VALUES('TEST_ID3','TEST_PW','Y','Y','TEST_ALIAS3','TEST_NAME3','010-1234-5678','TEST_ADDR1','TEST_ADDR2',12345,'신입','기타','F','KAKAO','DEVELOPER','2020 하반기','예체능','brown.png','D:\profile\brown.png');

--BOARD_GB
INSERT INTO BOARD_GB VALUES(1,'공지사항','Y');
INSERT INTO BOARD_GB VALUES(2,'스터디모집','Y');
INSERT INTO BOARD_GB VALUES(3,'면접후기','Y');
INSERT INTO BOARD_GB VALUES(4,'포트폴리오','Y');

--CATEGORY
INSERT INTO CATEGORY VALUES(1,'자랑하기','Y',4);
INSERT INTO CATEGORY VALUES(2,'공유하기','Y',4);
INSERT INTO CATEGORY VALUES(3,'피드백','Y',4);
INSERT INTO CATEGORY VALUES(4,'점검공지','Y',1);
INSERT INTO CATEGORY VALUES(5,'서버공지','Y',1);

--BOARD
INSERT INTO BOARD(BOARD_SQ,BOARD_GB_SQ,CAT_CONTENT,BOARD_TITLE, BOARD_CONTENT, BOARD_DATE, BOARD_ST, GROUP_NO, PARENT_SQ, MEM_ID) VALUES(1,4,'피드백','처음 써본 포트폴리오 평가좀요', '평가부탁드려요', SYSDATE, 'Y', 1, 0, 'TEST_ID');
INSERT INTO BOARD(BOARD_SQ,BOARD_GB_SQ,CAT_CONTENT,BOARD_TITLE, BOARD_CONTENT, BOARD_DATE, BOARD_ST, GROUP_NO, PARENT_SQ, MEM_ID) VALUES(2,4,'피드백','포트폴리오 피드백 부탁드립니다', '많은 댓글 감사합니다.', SYSDATE, 'Y', 1, 0, 'TEST_ID');
INSERT INTO BOARD(BOARD_SQ,BOARD_GB_SQ,CAT_CONTENT,BOARD_TITLE, BOARD_CONTENT, BOARD_DATE, BOARD_ST, GROUP_NO, PARENT_SQ, MEM_ID) VALUES(3,4,'공유하기','디자인 포트폴리오 어떤가요', '너무 과한가요?', SYSDATE, 'Y', 1, 0,'TEST_ID');
INSERT INTO BOARD(BOARD_SQ,BOARD_GB_SQ,CAT_CONTENT,BOARD_TITLE, BOARD_CONTENT, BOARD_DATE, BOARD_ST, GROUP_NO, PARENT_SQ, MEM_ID) VALUES(4,4,'공유하기','디자인 포트폴리오 어떤가요', '너무 과한가요?', SYSDATE, 'Y', 1, 0,'TEST_ID');
INSERT INTO BOARD(BOARD_SQ,BOARD_GB_SQ,CAT_CONTENT,BOARD_TITLE, BOARD_CONTENT, BOARD_DATE, BOARD_ST, GROUP_NO, PARENT_SQ, MEM_ID) VALUES(5,4,'공유하기','디자인 포트폴리오 어떤가요', '너무 과한가요?', SYSDATE, 'Y', 1, 0,'TEST_ID');
INSERT INTO BOARD(BOARD_SQ,BOARD_GB_SQ,CAT_CONTENT,BOARD_TITLE, BOARD_CONTENT, BOARD_DATE, BOARD_ST, GROUP_NO, PARENT_SQ, MEM_ID) VALUES(6,4,'공유하기','디자인 포트폴리오 어떤가요', '너무 과한가요?', SYSDATE, 'Y', 1, 0,'TEST_ID');
INSERT INTO BOARD(BOARD_SQ,BOARD_GB_SQ,CAT_CONTENT,BOARD_TITLE, BOARD_CONTENT, BOARD_DATE, BOARD_ST, GROUP_NO, PARENT_SQ, MEM_ID) VALUES(7,4,'공유하기','디자인 포트폴리오 어떤가요', '너무 과한가요?', SYSDATE, 'Y', 1, 0,'TEST_ID');
INSERT INTO BOARD(BOARD_SQ,BOARD_GB_SQ,CAT_CONTENT,BOARD_TITLE, BOARD_CONTENT, BOARD_DATE, BOARD_ST, GROUP_NO, PARENT_SQ, MEM_ID) VALUES(8,4,'공유하기','디자인 포트폴리오 어떤가요', '너무 과한가요?', SYSDATE, 'Y', 1, 0,'TEST_ID');
INSERT INTO BOARD(BOARD_SQ,BOARD_GB_SQ,CAT_CONTENT,BOARD_TITLE, BOARD_CONTENT, BOARD_DATE, BOARD_ST, GROUP_NO, PARENT_SQ, MEM_ID) VALUES(9,4,'공유하기','디자인 포트폴리오 어떤가요', '너무 과한가요?', SYSDATE, 'Y', 1, 0,'TEST_ID');
INSERT INTO BOARD(BOARD_SQ,BOARD_GB_SQ,CAT_CONTENT,BOARD_TITLE, BOARD_CONTENT, BOARD_DATE, BOARD_ST, GROUP_NO, PARENT_SQ, MEM_ID) VALUES(10,4,'공유하기','디자인 포트폴리오 어떤가요', '너무 과한가요?', SYSDATE, 'Y', 1,0, 'TEST_ID');
INSERT INTO BOARD(BOARD_SQ,BOARD_GB_SQ,CAT_CONTENT,BOARD_TITLE, BOARD_CONTENT, BOARD_DATE, BOARD_ST, GROUP_NO, PARENT_SQ, MEM_ID) VALUES(11,4,'공유하기','디자인 포트폴리오 어떤가요', '너무 과한가요?', SYSDATE, 'Y', 1,0, 'TEST_ID');
INSERT INTO BOARD(BOARD_SQ,BOARD_GB_SQ,CAT_CONTENT,BOARD_TITLE, BOARD_CONTENT, BOARD_DATE, BOARD_ST, GROUP_NO, PARENT_SQ, MEM_ID) VALUES(12,4,'공유하기','디자인 포트폴리오 어떤가요', '너무 과한가요?', SYSDATE, 'Y', 1,0, 'TEST_ID');
INSERT INTO BOARD(BOARD_SQ,BOARD_GB_SQ,CAT_CONTENT,BOARD_TITLE, BOARD_CONTENT, BOARD_DATE, BOARD_ST, GROUP_NO, PARENT_SQ, MEM_ID) VALUES(13,4,'공유하기','디자인 포트폴리오 어떤가요', '너무 과한가요?', SYSDATE, 'Y', 1,0, 'TEST_ID');
INSERT INTO BOARD(BOARD_SQ,BOARD_GB_SQ,CAT_CONTENT,BOARD_TITLE, BOARD_CONTENT, BOARD_DATE, BOARD_ST, GROUP_NO, PARENT_SQ, MEM_ID) VALUES(14,4,'공유하기','디자인 포트폴리오 어떤가요', '너무 과한가요?', SYSDATE, 'Y', 1,0, 'TEST_ID');
INSERT INTO BOARD(BOARD_SQ,BOARD_GB_SQ,CAT_CONTENT,BOARD_TITLE, BOARD_CONTENT, BOARD_DATE, BOARD_ST, GROUP_NO, PARENT_SQ, MEM_ID) VALUES(15,4,'공유하기','디자인 포트폴리오 어떤가요', '너무 과한가요?', SYSDATE, 'Y', 1,0, 'TEST_ID');

--REPLY
INSERT INTO REPLY VALUES(1,1,'오우 정말 멋진데요?',SYSDATE,'Y','TEST_ID');
INSERT INTO REPLY VALUES(2,1,'진짜 잘 만드셨어요',SYSDATE,'Y','TEST_ID2');
INSERT INTO REPLY VALUES(3,1,'제가 보기엔 조금 과해요',SYSDATE,'Y','TEST_ID3');
INSERT INTO REPLY VALUES(4,2,'자료 공유 가능할까요',SYSDATE,'Y','TEST_ID');

-- ATTACHMENT
INSERT INTO ATTACHMENT VALUES(1,1,'D:\brown.png','brown.png');
INSERT INTO ATTACHMENT VALUES(2,2,'D:\sally.png','sally.png');
INSERT INTO ATTACHMENT VALUES(3,3,'D:\cony.png','cony.png');

-- SCRIPT_GB
INSERT INTO SCRIPT_GB VALUES(1,'영어','Y');
INSERT INTO SCRIPT_GB VALUES(2,'일본어','Y');
INSERT INTO SCRIPT_GB VALUES(3,'러시아어','Y');
INSERT INTO SCRIPT_GB VALUES(4,'한국어','Y');

-- SCRIPT
INSERT INTO SCRIPT VALUES(1,'동해물과 백두산이 마르고 닳도록','Y',4);
INSERT INTO SCRIPT VALUES(2,'간장공장 공장장은 강공장장이다.','Y',4);
INSERT INTO SCRIPT VALUES(3,'내가 그린 기린 그림은 긴 기린그림이다.','Y',4);
INSERT INTO SCRIPT VALUES(4,'치키치키 차카차카 초코초코 초','Y',4);
INSERT INTO SCRIPT VALUES(5,'私は前転をよくします','Y',2);
INSERT INTO SCRIPT VALUES(6,'We are the one','Y',1);

-- SCRIPT_TEST
INSERT INTO SCRIPT_TEST VALUES(1,100,'치키치키 차카차카 초코초코 초',SYSDATE,'TEST_ID',4);
INSERT INTO SCRIPT_TEST VALUES(2,60,'We are the one',SYSDATE,'TEST_ID2',6);

-- SPEECH_TEST
INSERT INTO SPEECH_TEST VALUES(1,'TEST_ID',70, 'I have a pen.',SYSDATE);
INSERT INTO SPEECH_TEST VALUES(2,'TEST_ID2',80, 'I have a apple.',SYSDATE);

-- MESSAGE
INSERT INTO MESSAGE VALUES(1,'혹시 이거 챗봇인가요..?',SYSDATE, 'TEST_ID','TEST_ID2');
INSERT INTO MESSAGE VALUES(2,'아닙니다ㅎㅎ',SYSDATE, 'TEST_ID2','TEST_ID');
INSERT INTO MESSAGE VALUES(3,'앗 감사합니다..',SYSDATE, 'TEST_ID','TEST_ID2');

-- PLAN
INSERT INTO PLAN (PLAN_SQ,PLAN_NM,PLAN_PRICE,PLAN_EXPLAIN,PLAN_ST,PLAN_PERIOD) VALUES (1,'1일 이용권',5000,'짧고 굵게, 단기간에 집중력을 발휘해 보세요.','Y',1);
INSERT INTO PLAN (PLAN_SQ,PLAN_NM,PLAN_PRICE,PLAN_EXPLAIN,PLAN_ST,PLAN_PERIOD) VALUES (2,'3일 이용권',9900,'다양한 질문들과 함께 나의 면접을 다듬어 보세요.','Y',3);
INSERT INTO PLAN (PLAN_SQ,PLAN_NM,PLAN_PRICE,PLAN_EXPLAIN,PLAN_ST,PLAN_PERIOD) VALUES (3,'7일 이용권',15900,'취업은 마라톤! 꾸준하고 오랜 노력을 이길것은 없습니다.','Y',7);

-- PLAN_USE
INSERT INTO PLAN_USE (USE_SQ,START_DATE,END_DATE,MEM_ID,PLAN_SQ) VALUES (1,TO_DATE('2020/11/30','YYYY/MM/DD'),TO_DATE('2020/11/30','YYYY/MM/DD'),'TEST_ID',1);
INSERT INTO PLAN_USE (USE_SQ,START_DATE,END_DATE,MEM_ID,PLAN_SQ) VALUES (2,TO_DATE('2020/11/30','YYYY/MM/DD'),TO_DATE('2020/12/01','YYYY/MM/DD'),'TEST_ID2',3);
INSERT INTO PLAN_USE (USE_SQ,START_DATE,END_DATE,MEM_ID,PLAN_SQ) VALUES (3,TO_DATE('2020/11/03','YYYY/MM/DD'),TO_DATE('2020/11/06','YYYY/MM/DD'),'TEST_ID',2);
INSERT INTO PLAN_USE (USE_SQ,START_DATE,END_DATE,MEM_ID,PLAN_SQ) VALUES (4,TO_DATE('2020/12/02','YYYY/MM/DD'),TO_DATE('2020/12/05','YYYY/MM/DD'),'TEST_ID2',2);
INSERT INTO PLAN_USE (USE_SQ,START_DATE,END_DATE,MEM_ID,PLAN_SQ) VALUES (5,TO_DATE('2020/12/02','YYYY/MM/DD'),TO_DATE('2020/12/05','YYYY/MM/DD'),'TEST_ID',2);
INSERT INTO PLAN_USE (USE_SQ,START_DATE,END_DATE,MEM_ID,PLAN_SQ) VALUES (6,TO_DATE('2020/12/01','YYYY/MM/DD'),TO_DATE('2020/12/01','YYYY/MM/DD'),'TEST_ID3',1);

-- TALENT
INSERT INTO TALENT VALUES(1,'유능한 인재','Y');
INSERT INTO TALENT VALUES(2,'열정적인 인재','Y');
INSERT INTO TALENT VALUES(3,'대기만성형 인재','Y');

-- KEYWORD
INSERT INTO KEYWORD VALUES(1, '꾸준함');
INSERT INTO KEYWORD VALUES(2, '적응력');
INSERT INTO KEYWORD VALUES(3, '추진력');
INSERT INTO KEYWORD VALUES(4, '열심');

-- KEYWORD_MATCHING
INSERT INTO KEYWORD_MATCHING VALUES(3,1);
INSERT INTO KEYWORD_MATCHING VALUES(3,2);
INSERT INTO KEYWORD_MATCHING VALUES(2,3);
INSERT INTO KEYWORD_MATCHING VALUES(2,4);

-- QUESTION_GB
INSERT INTO QUESTION_GB (QUEST_GB_SQ,QUEST_GB_CONTENT,QUEST_GB_ST) values (1,'일반','Y');
INSERT INTO QUESTION_GB (QUEST_GB_SQ,QUEST_GB_CONTENT,QUEST_GB_ST) values (2,'경영/사무','Y');
INSERT INTO QUESTION_GB (QUEST_GB_SQ,QUEST_GB_CONTENT,QUEST_GB_ST) values (3,'영업/고객상담','Y');
INSERT INTO QUESTION_GB (QUEST_GB_SQ,QUEST_GB_CONTENT,QUEST_GB_ST) values (4,'IT/인터넷','Y');
INSERT INTO QUESTION_GB (QUEST_GB_SQ,QUEST_GB_CONTENT,QUEST_GB_ST) values (5,'디자인','Y');
INSERT INTO QUESTION_GB (QUEST_GB_SQ,QUEST_GB_CONTENT,QUEST_GB_ST) values (6,'서비스','Y');
INSERT INTO QUESTION_GB (QUEST_GB_SQ,QUEST_GB_CONTENT,QUEST_GB_ST) values (7,'전문직','Y');
INSERT INTO QUESTION_GB (QUEST_GB_SQ,QUEST_GB_CONTENT,QUEST_GB_ST) values (8,'의료','Y');
INSERT INTO QUESTION_GB (QUEST_GB_SQ,QUEST_GB_CONTENT,QUEST_GB_ST) values (9,'생산/제조','Y');
INSERT INTO QUESTION_GB (QUEST_GB_SQ,QUEST_GB_CONTENT,QUEST_GB_ST) values (10,'건설','Y');
INSERT INTO QUESTION_GB (QUEST_GB_SQ,QUEST_GB_CONTENT,QUEST_GB_ST) values (11,'유통/무역','Y');
INSERT INTO QUESTION_GB (QUEST_GB_SQ,QUEST_GB_CONTENT,QUEST_GB_ST) values (12,'미디어','Y');
INSERT INTO QUESTION_GB (QUEST_GB_SQ,QUEST_GB_CONTENT,QUEST_GB_ST) values (13,'교육','Y');
INSERT INTO QUESTION_GB (QUEST_GB_SQ,QUEST_GB_CONTENT,QUEST_GB_ST) values (14,'특수계층/공공','Y');

-- SMAPLE_QUESTION
INSERT INTO SAMPLE_QUESTION (SAMP_QUEST_SQ,SAMP_QUEST_CONTENT,SAMP_QUEST_ST,QUEST_GB_SQ) values (1,'우리 회사만의 강점이 무엇인가요?','Y',1);
INSERT INTO SAMPLE_QUESTION (SAMP_QUEST_SQ,SAMP_QUEST_CONTENT,SAMP_QUEST_ST,QUEST_GB_SQ) values (2,'살면서 가장 힘들었던 기억과, 그 기억을 극복하거나 해결했던 과정에 대해서 말해주세요','Y',1);
INSERT INTO SAMPLE_QUESTION (SAMP_QUEST_SQ,SAMP_QUEST_CONTENT,SAMP_QUEST_ST,QUEST_GB_SQ) values (3,'남들과 차별화된 경험이 있다면 어떤점이 있는지 말해주세요','Y',1);
INSERT INTO SAMPLE_QUESTION (SAMP_QUEST_SQ,SAMP_QUEST_CONTENT,SAMP_QUEST_ST,QUEST_GB_SQ) values (4,'회사에서 하고 싶은 업무가 무엇인가요?','Y',1);
INSERT INTO SAMPLE_QUESTION (SAMP_QUEST_SQ,SAMP_QUEST_CONTENT,SAMP_QUEST_ST,QUEST_GB_SQ) values (5,'이 회사에 지원하게 된 동기는 무엇인가요?','Y',1);
INSERT INTO SAMPLE_QUESTION (SAMP_QUEST_SQ,SAMP_QUEST_CONTENT,SAMP_QUEST_ST,QUEST_GB_SQ) values (6,'이전에 일했던 회사에서는 얼마나 일하셨고 팀에서 어떤 일을 담당하셨나요?','Y',1);
INSERT INTO SAMPLE_QUESTION (SAMP_QUEST_SQ,SAMP_QUEST_CONTENT,SAMP_QUEST_ST,QUEST_GB_SQ) values (7,'본인이 어떤 면에서 인사팀과 맞다고 생각해서 지원하셨나요?','Y',2);
INSERT INTO SAMPLE_QUESTION (SAMP_QUEST_SQ,SAMP_QUEST_CONTENT,SAMP_QUEST_ST,QUEST_GB_SQ) values (8,'왜 광고영업을 하고 싶으신가요?','Y',2);
INSERT INTO SAMPLE_QUESTION (SAMP_QUEST_SQ,SAMP_QUEST_CONTENT,SAMP_QUEST_ST,QUEST_GB_SQ) values (9,'수업을 포함해서 회계, 금융 그리고 무역 관련 경험은 무엇이 있나요?','Y',2);
INSERT INTO SAMPLE_QUESTION (SAMP_QUEST_SQ,SAMP_QUEST_CONTENT,SAMP_QUEST_ST,QUEST_GB_SQ) values (10,'인사 분야에서 본인의 10년 뒤의 모습은 어떨 것 같나요?','Y',2);
INSERT INTO SAMPLE_QUESTION (SAMP_QUEST_SQ,SAMP_QUEST_CONTENT,SAMP_QUEST_ST,QUEST_GB_SQ) values (11,'전략기획이란 무엇인지 아는데로 말해주세요','Y',2);
INSERT INTO SAMPLE_QUESTION (SAMP_QUEST_SQ,SAMP_QUEST_CONTENT,SAMP_QUEST_ST,QUEST_GB_SQ) values (12,'영업관리를 하기 위해 한 노력을 이야기 해 주세요','Y',3);
INSERT INTO SAMPLE_QUESTION (SAMP_QUEST_SQ,SAMP_QUEST_CONTENT,SAMP_QUEST_ST,QUEST_GB_SQ) values (13,'고객사에서 우리 회사 제품에 대해서 값을 낮추지 않으면 구매하지 않는다고 할때 어떤 방식으로 해결하실 것인지 말해주세요','Y',3);
INSERT INTO SAMPLE_QUESTION (SAMP_QUEST_SQ,SAMP_QUEST_CONTENT,SAMP_QUEST_ST,QUEST_GB_SQ) values (14,'고객 응대 경험이 있나요? 있다면 사례를 들어서 설명해주세요','Y',3);
INSERT INTO SAMPLE_QUESTION (SAMP_QUEST_SQ,SAMP_QUEST_CONTENT,SAMP_QUEST_ST,QUEST_GB_SQ) values (15,'상품을 판매한 경험이 있다면 힘들거나 기억에 남는 일이 있습니까? 있다면 말해주시고 없다면 앞으로 판매 경험을 어떻게 쌓아나갈지 말해주세요','Y',3);
INSERT INTO SAMPLE_QUESTION (SAMP_QUEST_SQ,SAMP_QUEST_CONTENT,SAMP_QUEST_ST,QUEST_GB_SQ) values (16,'본인이 업무를 할 때 고객으로부터 문전박대를 당한다면 어떻게 하실건가요?','Y',3);
INSERT INTO SAMPLE_QUESTION (SAMP_QUEST_SQ,SAMP_QUEST_CONTENT,SAMP_QUEST_ST,QUEST_GB_SQ) values (17,'시스템 개발 업무를 잘 할 수 있는 자신의 차별화된 역량은 무엇인가요?','Y',4);
INSERT INTO SAMPLE_QUESTION (SAMP_QUEST_SQ,SAMP_QUEST_CONTENT,SAMP_QUEST_ST,QUEST_GB_SQ) values (18,'운영체제같은 컴퓨터공학에 대한 기초지식이 있나요?','Y',4);
INSERT INTO SAMPLE_QUESTION (SAMP_QUEST_SQ,SAMP_QUEST_CONTENT,SAMP_QUEST_ST,QUEST_GB_SQ) values (19,'프론트엔드 개발에서 보안관련 이슈는 어떠한 것들이 있나요?','Y',4);
INSERT INTO SAMPLE_QUESTION (SAMP_QUEST_SQ,SAMP_QUEST_CONTENT,SAMP_QUEST_ST,QUEST_GB_SQ) values (20,'본인의 프로그래밍 역량은 어느정도 되나요?','Y',4);
INSERT INTO SAMPLE_QUESTION (SAMP_QUEST_SQ,SAMP_QUEST_CONTENT,SAMP_QUEST_ST,QUEST_GB_SQ) values (21,'자바스크립트의 Number Type는 다른 언어들과 차이점이 무엇인가요? 왜 하나만 존재하나요?','Y',4);
INSERT INTO SAMPLE_QUESTION (SAMP_QUEST_SQ,SAMP_QUEST_CONTENT,SAMP_QUEST_ST,QUEST_GB_SQ) values (22,'가장 기억나는 광고를 말해주시고 어떤 점이 좋았는지 말해주세요','Y',6);
INSERT INTO SAMPLE_QUESTION (SAMP_QUEST_SQ,SAMP_QUEST_CONTENT,SAMP_QUEST_ST,QUEST_GB_SQ) values (23,'최근에 친구와 여행 간 경험이 있나요? 어디로 가셨나요?','Y',6);
INSERT INTO SAMPLE_QUESTION (SAMP_QUEST_SQ,SAMP_QUEST_CONTENT,SAMP_QUEST_ST,QUEST_GB_SQ) values (24,'어떤 유통경로를 담당하고 싶으세요?','Y',11);
INSERT INTO SAMPLE_QUESTION (SAMP_QUEST_SQ,SAMP_QUEST_CONTENT,SAMP_QUEST_ST,QUEST_GB_SQ) values (25,'수업을 포함해서 회계, 금융 그리고 무역 관련 경험은 무엇이 있나요?','Y',11);
INSERT INTO SAMPLE_QUESTION (SAMP_QUEST_SQ,SAMP_QUEST_CONTENT,SAMP_QUEST_ST,QUEST_GB_SQ) values (26,'유통 관련 경험이 없다면 그 경험이 없이도 SC를 잘 할 수 있는 이유는 무엇인가요?','Y',11);
INSERT INTO SAMPLE_QUESTION (SAMP_QUEST_SQ,SAMP_QUEST_CONTENT,SAMP_QUEST_ST,QUEST_GB_SQ) values (27,'왜 교육팀에 지원했나요?','Y',13);
INSERT INTO SAMPLE_QUESTION (SAMP_QUEST_SQ,SAMP_QUEST_CONTENT,SAMP_QUEST_ST,QUEST_GB_SQ) values (28,'교육 부서가 조직의 교육 뿐 아니라 문화 또한 담당하는 부서인 것을 알고 계신가요?','Y',13);
INSERT INTO SAMPLE_QUESTION (SAMP_QUEST_SQ,SAMP_QUEST_CONTENT,SAMP_QUEST_ST,QUEST_GB_SQ) values (29,'건설 현장에 근무하게 되면 어떠한 업무를 맡고 싶으신가요?','Y',10);
INSERT INTO SAMPLE_QUESTION (SAMP_QUEST_SQ,SAMP_QUEST_CONTENT,SAMP_QUEST_ST,QUEST_GB_SQ) values (30,'회사가 하는 사업중에 건설 근로자들의 소득 증대를 할 수 있는 방안이 있나요?','Y',10);
INSERT INTO SAMPLE_QUESTION (SAMP_QUEST_SQ,SAMP_QUEST_CONTENT,SAMP_QUEST_ST,QUEST_GB_SQ) values (31,'생산기술이 무엇이라 생각하시나요?','Y',9);
INSERT INTO SAMPLE_QUESTION (SAMP_QUEST_SQ,SAMP_QUEST_CONTENT,SAMP_QUEST_ST,QUEST_GB_SQ) values (32,'본인이 생각하는 생산관리와 현장에서 느낀 생산관리가 달랐을 때 어떻게 할 것인가요?','Y',99);
INSERT INTO SAMPLE_QUESTION (SAMP_QUEST_SQ,SAMP_QUEST_CONTENT,SAMP_QUEST_ST,QUEST_GB_SQ) values (33,'공공기관은 공정성이 중시되는데, 본인이 생각하는 공정성은 무엇인가요?','Y',14);

-- INTERVIEW
INSERT INTO INTERVIEW VALUES(1,'하반기 대비 면접',SYSDATE,'TEST_ID');
INSERT INTO INTERVIEW VALUES(2,'카카오 면접',SYSDATE,'TEST_ID2');
INSERT INTO INTERVIEW VALUES(3,'첫 면접',SYSDATE,'TEST_ID');
INSERT INTO INTERVIEW VALUES(4,'이름 없는 면접',SYSDATE,'TEST_ID3');

-- QUESTION
INSERT INTO QUESTION VALUES(1,'개발자에게 필요한 역량은 무엇이라고 생각하십니까?',1, 1);
INSERT INTO QUESTION VALUES(2,'개발자에게 필요한 역량은 무엇이라고 생각하십니까?',1, 1);
INSERT INTO QUESTION VALUES(3,'개발시간과 개발의 정확성,둘 중 무엇이 더 중요하다고 생각하나요?',2, 2);

-- ANSWER
INSERT INTO ANSWER VALUES(1,'음 꾸준함과 흥미라고 생각합니다.','D:\test\test1.wav',20,4,1);
INSERT INTO ANSWER VALUES(2,'물론 둘 다 중요하지만 하나를 꼽자면,저는 정확성이라고 생각합니다. 정확성이 중요한 이유는~','D:\test\test2.wav',40,5,2);

-- KEYWORD_ANALYSIS
INSERT INTO KEYWORD_ANALYSIS VALUES(1,3,1,1);
INSERT INTO KEYWORD_ANALYSIS VALUES(2,2,3,0);

-- VOICE ANALYSIS
INSERT INTO VOICE_ANALYSIS VALUES(1,80,70,1);
INSERT INTO VOICE_ANALYSIS VALUES(2,85,60,2);

-- HABIT
INSERT INTO HABIT VALUES(1,'음','Y');
INSERT INTO HABIT VALUES(2,'물론','Y');
INSERT INTO HABIT VALUES(3,'저는','Y');
INSERT INTO HABIT VALUES(4,'그게','Y');
INSERT INTO HABIT VALUES(5,'어','Y');

-- HABIT ANALYSIS
INSERT INTO HABIT_ANALYSIS VALUES(1,1,1);
INSERT INTO HABIT_ANALYSIS VALUES(2,2,1);
INSERT INTO HABIT_ANALYSIS VALUES(3,2,1);

-- REPEAT ANALYSIS
INSERT INTO REPEAT_ANALYSIS VALUES(1,2,'정확성',2);

-- IMAGE ANALYSIS
INSERT INTO IMAGE_ANALYSIS VALUES(1, 0.1, 0.1, 0.1, 0.1, 0.1, 0.3, 0.1, 0.1, 1,1,2,1,1);
INSERT INTO IMAGE_ANALYSIS VALUES(2, 0.1, 0.1, 0.4, 0.1, 0.1, 0, 0.1, 0.1, 1,1,2,1,1);
INSERT INTO IMAGE_ANALYSIS VALUES(3, 0.1, 0.1, 0.1, 0.1, 0.1, 0.3, 0.1, 0.1, 1,1,2,1,1);
INSERT INTO IMAGE_ANALYSIS VALUES(4, 0.1, 0.1, 0.1, 0.1, 0.1, 0.3, 0.1, 0.1, 1,1,2,1,1);
INSERT INTO IMAGE_ANALYSIS VALUES(5, 0.1, 0.1, 0.1, 0.3, 0.1, 0.1, 0.1, 0.1, 1,1,2,1,1);
INSERT INTO IMAGE_ANALYSIS VALUES(6, 0.1, 0.1, 0.1, 0.1, 0.1, 0.3, 0.1, 0.1, 1,1,2,1,1);
INSERT INTO IMAGE_ANALYSIS VALUES(7, 0.1, 0.1, 0.1, 0.1, 0.3, 0.1, 0.1, 0.1, 1,1,2,1,1);
INSERT INTO IMAGE_ANALYSIS VALUES(8, 0.1, 0.1, 0.1, 0.1, 0.1, 0.3, 0.1, 0.1, 1,1,2,1,1);
INSERT INTO IMAGE_ANALYSIS VALUES(9, 0.1, 0.5, 0, 0.1, 0.1, 0, 0.1, 0.1, 1,1,2,1,1);
INSERT INTO IMAGE_ANALYSIS VALUES(10, 0.1, 0.1, 0.1, 0.1, 0.1, 0.3, 0.1, 0.1, 1,1,2,1,1);
INSERT INTO IMAGE_ANALYSIS VALUES(11, 0.1, 0.1, 0.1, 0.1, 0.1, 0.3, 0.1, 0.1, 1,1,2,1,1);
INSERT INTO IMAGE_ANALYSIS VALUES(12, 0.3, 0.1, 0.1, 0.1, 0.1, 0.1, 0.1, 0.1, 1,1,2,1,1);
INSERT INTO IMAGE_ANALYSIS VALUES(13, 0.1, 0.1, 0.1, 0.1, 0.1, 0.3, 0.1, 0.1, 1,1,2,1,1);
INSERT INTO IMAGE_ANALYSIS VALUES(14, 0.4, 0.1, 0.1, 0.1, 0.1, 0, 0.1, 0.1, 1,1,2,1,1);


COMMIT;
