
SELECT *
FROM NOT_EXISTS_IN_PRD;

TRUNCATE TABLE IMAGE_ANALYSIS;
TRUNCATE TABLE REPEAT_ANALYSIS;
TRUNCATE TABLE KEYWORD_MATCHING;
TRUNCATE TABLE KEYWORD_ANALYSIS;
TRUNCATE TABLE HABIT_ANALYSIS;
TRUNCATE TABLE VOICE_ANALYSIS;
TRUNCATE TABLE HABIT;
TRUNCATE TABLE KEYWORD;
TRUNCATE TABLE TALENT;
TRUNCATE TABLE ANSWER;
TRUNCATE TABLE QUESTION_GB;
TRUNCATE TABLE INTERVIEW;
TRUNCATE TABLE QUESTION;
TRUNCATE TABLE SAMPLE_QUESTION;
TRUNCATE TABLE PLAN_USE;
TRUNCATE TABLE PLAN;
TRUNCATE TABLE MESSAGE;
TRUNCATE TABLE SCRIPT;
TRUNCATE TABLE SCRIPT_GB;
TRUNCATE TABLE SCRIPT_TEST;
TRUNCATE TABLE REPLY;
TRUNCATE TABLE ATTACHMENT;
TRUNCATE TABLE BOARD;
TRUNCATE TABLE BOARD_GB;
TRUNCATE TABLE CATEGORY;
TRUNCATE TABLE MEMBER;

-- MEMBER
INSERT INTO MEMBER VALUES('TEST_ID','TEST_PW','Y','Y','TEST_ALIAS','TEST_NAME','010-1234-5678','TEST_ADDR1','TEST_ADDR2',12345,'신입','대학교 졸업','F','KAKAO','개발','2020년 상반기','공학','brown.png','D:\profile\brown.png');
INSERT INTO MEMBER VALUES('MEMBER1','1234','','Y','MEMBER1','MEMBER1','010-1234-5678','경기 성남시 분당구 판교역로 235','2층',13494,'경력','석 / 박사 이상','F','LG','인사','2019 하반기','인문','','');
INSERT INTO MEMBER VALUES('MEMBER2','1234','','Y','MEMBER2','MEMBER2','010-5678-1234','제주특별자치도 제주시 첨단로 242','DAUM',63309,'경력','대학교 재학','F','네이버','기획','2016년 상반기','공학','','');
INSERT INTO MEMBER VALUES('MEMBER3','1234','','Y','MEMBER3','MEMBER3','010-7412-8523','경기 성남시 분당구 내정로 54','101동 505호',13607,'신입','기타','F','토스','개발','2020년 상반기','공학','','');

--BOARD_GB
INSERT INTO BOARD_GB VALUES(1,'공지사항','Y');
INSERT INTO BOARD_GB VALUES(2,'스터디모집','Y');
INSERT INTO BOARD_GB VALUES(3,'면접후기','Y');
INSERT INTO BOARD_GB VALUES(4,'포트폴리오','Y');

--CATEGORY
INSERT INTO CATEGORY VALUES(1,'자랑하기','Y',4);
INSERT INTO CATEGORY VALUES(2,'공유하기','Y',4);
INSERT INTO CATEGORY VALUES(3,'피드백','Y',4);
INSERT INTO CATEGORY VALUES(4,'점검공지','Y',1);
INSERT INTO CATEGORY VALUES(5,'서버공지','Y',1);
INSERT INTO CATEGORY VALUES(6,'서울','Y',2);
INSERT INTO CATEGORY VALUES(7,'인천','Y',2);
INSERT INTO CATEGORY VALUES(8,'경기','Y',2);
INSERT INTO CATEGORY VALUES(9,'강원','Y',2);
INSERT INTO CATEGORY VALUES(10,'세종','Y',2);
INSERT INTO CATEGORY VALUES(11,'충북','Y',2);
INSERT INTO CATEGORY VALUES(12,'충남','Y',2);
INSERT INTO CATEGORY VALUES(13,'대전','Y',2);
INSERT INTO CATEGORY VALUES(14,'경북','Y',2);
INSERT INTO CATEGORY VALUES(15,'대구','Y',2);
INSERT INTO CATEGORY VALUES(16,'경남','Y',2);
INSERT INTO CATEGORY VALUES(17,'울산','Y',2);
INSERT INTO CATEGORY VALUES(18,'부산','Y',2);
INSERT INTO CATEGORY VALUES(19,'전북','Y',2);
INSERT INTO CATEGORY VALUES(20,'전남','Y',2);
INSERT INTO CATEGORY VALUES(21,'광주','Y',2);
INSERT INTO CATEGORY VALUES(22,'제주','Y',2);
INSERT INTO CATEGORY VALUES(23,'온라인','Y',3);
INSERT INTO CATEGORY VALUES(24,'오프라인','Y',3);

--BOARD
Insert into AI_INTERVIEW_DEV.BOARD (BOARD_SQ,BOARD_GB_SQ,CAT_CONTENT,BOARD_TITLE,BOARD_DATE,BOARD_ST,GROUP_NO,PARENT_SQ,MEM_ID) values (1,1,'점검공지','2020-12-20 점검공지 안내',to_date('20/12/19','RR/MM/DD'),'Y',0,0,'TEST_ID');
Insert into AI_INTERVIEW_DEV.BOARD (BOARD_SQ,BOARD_GB_SQ,CAT_CONTENT,BOARD_TITLE,BOARD_DATE,BOARD_ST,GROUP_NO,PARENT_SQ,MEM_ID) values (2,1,'점검공지','2020-12-21 서버공지 안내',to_date('20/12/19','RR/MM/DD'),'Y',0,0,'TEST_ID');
Insert into AI_INTERVIEW_DEV.BOARD (BOARD_SQ,BOARD_GB_SQ,CAT_CONTENT,BOARD_TITLE,BOARD_DATE,BOARD_ST,GROUP_NO,PARENT_SQ,MEM_ID) values (3,2,'대전','중구에서 DB 스터디 모집합니다.',to_date('20/12/19','RR/MM/DD'),'Y',0,0,'MEMBER1');
Insert into AI_INTERVIEW_DEV.BOARD (BOARD_SQ,BOARD_GB_SQ,CAT_CONTENT,BOARD_TITLE,BOARD_DATE,BOARD_ST,GROUP_NO,PARENT_SQ,MEM_ID) values (4,2,'제주','초보개발자 온라인 스터디들어가요!',to_date('20/12/19','RR/MM/DD'),'Y',0,0,'MEMBER2');
Insert into AI_INTERVIEW_DEV.BOARD (BOARD_SQ,BOARD_GB_SQ,CAT_CONTENT,BOARD_TITLE,BOARD_DATE,BOARD_ST,GROUP_NO,PARENT_SQ,MEM_ID) values (5,3,'온라인','온라인 면접 후기입니다.',to_date('20/12/19','RR/MM/DD'),'Y',0,0,'MEMBER2');
Insert into AI_INTERVIEW_DEV.BOARD (BOARD_SQ,BOARD_GB_SQ,CAT_CONTENT,BOARD_TITLE,BOARD_DATE,BOARD_ST,GROUP_NO,PARENT_SQ,MEM_ID) values (6,4,'자랑하기','이번에 국비지원에서 프로젝트했던 자료 자랑해봐요!',to_date('20/12/19','RR/MM/DD'),'Y',0,0,'MEMBER1');

--REPLY
Insert into AI_INTERVIEW_DEV.REPLY (REPLY_SQ,BOARD_SQ,REPLY_CONTENT,REPLY_DATE,REPLY_ST,MEM_ID) values (1,2,'네 알겠습니다.',to_date('20/12/19','RR/MM/DD'),'Y','MEMBER1');
Insert into AI_INTERVIEW_DEV.REPLY (REPLY_SQ,BOARD_SQ,REPLY_CONTENT,REPLY_DATE,REPLY_ST,MEM_ID) values (2,1,'네 알겠습니다.',to_date('20/12/19','RR/MM/DD'),'Y','MEMBER1');
Insert into AI_INTERVIEW_DEV.REPLY (REPLY_SQ,BOARD_SQ,REPLY_CONTENT,REPLY_DATE,REPLY_ST,MEM_ID) values (3,3,'요즘 코로나때문에 오프라인 힘들 것 같은데 타 지역 온라인은 어떠세요?',to_date('20/12/19','RR/MM/DD'),'Y','MEMBER2');
Insert into AI_INTERVIEW_DEV.REPLY (REPLY_SQ,BOARD_SQ,REPLY_CONTENT,REPLY_DATE,REPLY_ST,MEM_ID) values (4,5,'전 아직 온라인 면접 경험은 없는데 여기서 경험 좀 미리 쌓아놔야겠어요... 정보 감사합니다!',to_date('20/12/19','RR/MM/DD'),'Y','MEMBER1');
Insert into AI_INTERVIEW_DEV.REPLY (REPLY_SQ,BOARD_SQ,REPLY_CONTENT,REPLY_DATE,REPLY_ST,MEM_ID) values (5,6,'굉장히 열심히 하신 것 같네요! 응원합니다',to_date('20/12/19','RR/MM/DD'),'Y','TEST_ID');
Insert into AI_INTERVIEW_DEV.REPLY (REPLY_SQ,BOARD_SQ,REPLY_CONTENT,REPLY_DATE,REPLY_ST,MEM_ID) values (6,4,'제주 어디 쪽인지 알 수 있을까요? 곧 제주도로 이사가서요!',to_date('20/12/19','RR/MM/DD'),'Y','MEMBER3');
Insert into AI_INTERVIEW_DEV.REPLY (REPLY_SQ,BOARD_SQ,REPLY_CONTENT,REPLY_DATE,REPLY_ST,MEM_ID) values (7,5,'T로 시작하는 곳이면 토스...?',to_date('20/12/19','RR/MM/DD'),'Y','MEMBER3');
Insert into AI_INTERVIEW_DEV.REPLY (REPLY_SQ,BOARD_SQ,REPLY_CONTENT,REPLY_DATE,REPLY_ST,MEM_ID) values (8,6,'잘 봤습니다!',to_date('20/12/19','RR/MM/DD'),'Y','MEMBER3');

--ATTACHMENT
Insert into AI_INTERVIEW_DEV.ATTACHMENT (ATCH_SQ,BOARD_SQ,ATCH_NM,ATCH_PATH) values (1,6,'deletePageCheck.png','D:\attachment\8119e589-8655-4d08-943a-14bc06dd1b0d.png');

-- SCRIPT_GB
INSERT INTO SCRIPT_GB VALUES(1,'영어','Y');
INSERT INTO SCRIPT_GB VALUES(2,'한국어','Y');

-- SCRIPT
INSERT INTO SCRIPT VALUES(1,'동해물과 백두산이 마르고 닳도록','Y',2);
INSERT INTO SCRIPT VALUES(2,'간장공장 공장장은 강공장장이다.','Y',2);
INSERT INTO SCRIPT VALUES(3,'내가 그린 기린 그림은 긴 기린그림이다.','Y',2);
INSERT INTO SCRIPT VALUES(4,'매미 우는 소리만 들릴 뿐이었다. 여름이었다.','Y',2);
INSERT INTO SCRIPT VALUES(5,'I am sure she sells seashore shells','Y',1);
INSERT INTO SCRIPT VALUES(6,'All I want for christmas for you','Y',1);


--SCRIPT_TEST
Insert into AI_INTERVIEW_DEV.SCRIPT_TEST (SCRIPT_TEST_SQ,SCRIPT_TEST_SCORE,PERFORM_SCRIPT,SCRIPT_TEST_DATE,MEM_ID,SCRIPT_SQ) values (1,91,'간장 0장 공장장 은 강 공장장 이다.',to_date('20/12/19','RR/MM/DD'),'MEMBER2',2);
Insert into AI_INTERVIEW_DEV.SCRIPT_TEST (SCRIPT_TEST_SQ,SCRIPT_TEST_SCORE,PERFORM_SCRIPT,SCRIPT_TEST_DATE,MEM_ID,SCRIPT_SQ) values (2,100,'동해물과 백두산이 마르고 닳도록.',to_date('20/12/19','RR/MM/DD'),'MEMBER2',1);
Insert into AI_INTERVIEW_DEV.SCRIPT_TEST (SCRIPT_TEST_SQ,SCRIPT_TEST_SCORE,PERFORM_SCRIPT,SCRIPT_TEST_DATE,MEM_ID,SCRIPT_SQ) values (3,88,'간장 0장 공장장 은 강 공장이다.',to_date('20/12/19','RR/MM/DD'),'MEMBER2',2);
Insert into AI_INTERVIEW_DEV.SCRIPT_TEST (SCRIPT_TEST_SQ,SCRIPT_TEST_SCORE,PERFORM_SCRIPT,SCRIPT_TEST_DATE,MEM_ID,SCRIPT_SQ) values (4,100,'All I want for Christmas for you.',to_date('20/12/19','RR/MM/DD'),'MEMBER2',6);

-- MESSAGE
INSERT INTO MESSAGE VALUES(1,'혹시 이거 챗봇인가요..?',SYSDATE,'Y', 'MEMBER1','TEST_ID');
INSERT INTO MESSAGE VALUES(2,'아닙니다ㅎㅎ',SYSDATE,'Y', 'TEST_ID','MEMBER1');
INSERT INTO MESSAGE VALUES(3,'앗 감사합니다..',SYSDATE,'Y', 'MEMBER1','TEST_ID');

-- PLAN
INSERT INTO PLAN (PLAN_SQ,PLAN_NM,PLAN_PRICE,PLAN_EXPLAIN,PLAN_ST,PLAN_PERIOD) VALUES (1,'1일 이용권',5000,'짧고 굵게, 단기간에 집중력을 발휘해 보세요.','Y',1);
INSERT INTO PLAN (PLAN_SQ,PLAN_NM,PLAN_PRICE,PLAN_EXPLAIN,PLAN_ST,PLAN_PERIOD) VALUES (2,'3일 이용권',9900,'다양한 질문들과 함께 나의 면접을 다듬어 보세요.','Y',3);
INSERT INTO PLAN (PLAN_SQ,PLAN_NM,PLAN_PRICE,PLAN_EXPLAIN,PLAN_ST,PLAN_PERIOD) VALUES (3,'7일 이용권',15900,'취업은 마라톤! 꾸준하고 오랜 노력을 이길것은 없습니다.','Y',7);

-- PLAN_USE
INSERT INTO PLAN_USE (USE_SQ,START_DATE,END_DATE,MEM_ID,PLAN_SQ) VALUES (1,TO_DATE('2020/11/30','YYYY/MM/DD'),TO_DATE('2020/12/01','YYYY/MM/DD'),'MEMBER1',1);
INSERT INTO PLAN_USE (USE_SQ,START_DATE,END_DATE,MEM_ID,PLAN_SQ) VALUES (2,TO_DATE('2020/11/30','YYYY/MM/DD'),TO_DATE('2020/12/03','YYYY/MM/DD'),'MEMBER2',2);
INSERT INTO PLAN_USE (USE_SQ,START_DATE,END_DATE,MEM_ID,PLAN_SQ) VALUES (3,TO_DATE('2020/11/30','YYYY/MM/DD'),TO_DATE('2020/12/07','YYYY/MM/DD'),'MEMBER3',3);

-- TALENT
INSERT INTO TALENT VALUES(1,'유능한 인재','Y');
INSERT INTO TALENT VALUES(2,'열정적인 인재','Y');
INSERT INTO TALENT VALUES(3,'대기만성형 인재','Y');

-- KEYWORD
INSERT INTO KEYWORD VALUES(1, '꾸준함');
INSERT INTO KEYWORD VALUES(2, '적응력');
INSERT INTO KEYWORD VALUES(3, '추진력');
INSERT INTO KEYWORD VALUES(4, '열심');

-- KEYWORD_MATCHING
INSERT INTO KEYWORD_MATCHING VALUES(3,1);
INSERT INTO KEYWORD_MATCHING VALUES(3,2);
INSERT INTO KEYWORD_MATCHING VALUES(2,3);
INSERT INTO KEYWORD_MATCHING VALUES(2,4);

-- QUESTION_GB
INSERT INTO QUESTION_GB (QUEST_GB_SQ,QUEST_GB_CONTENT,QUEST_GB_ST) values (1,'일반','Y');
INSERT INTO QUESTION_GB (QUEST_GB_SQ,QUEST_GB_CONTENT,QUEST_GB_ST) values (2,'경영/사무','Y');
INSERT INTO QUESTION_GB (QUEST_GB_SQ,QUEST_GB_CONTENT,QUEST_GB_ST) values (3,'영업/고객상담','Y');
INSERT INTO QUESTION_GB (QUEST_GB_SQ,QUEST_GB_CONTENT,QUEST_GB_ST) values (4,'IT/인터넷','Y');
INSERT INTO QUESTION_GB (QUEST_GB_SQ,QUEST_GB_CONTENT,QUEST_GB_ST) values (5,'디자인','Y');
INSERT INTO QUESTION_GB (QUEST_GB_SQ,QUEST_GB_CONTENT,QUEST_GB_ST) values (6,'서비스','Y');
INSERT INTO QUESTION_GB (QUEST_GB_SQ,QUEST_GB_CONTENT,QUEST_GB_ST) values (7,'전문직','Y');
INSERT INTO QUESTION_GB (QUEST_GB_SQ,QUEST_GB_CONTENT,QUEST_GB_ST) values (8,'의료','Y');
INSERT INTO QUESTION_GB (QUEST_GB_SQ,QUEST_GB_CONTENT,QUEST_GB_ST) values (9,'생산/제조','Y');
INSERT INTO QUESTION_GB (QUEST_GB_SQ,QUEST_GB_CONTENT,QUEST_GB_ST) values (10,'건설','Y');
INSERT INTO QUESTION_GB (QUEST_GB_SQ,QUEST_GB_CONTENT,QUEST_GB_ST) values (11,'유통/무역','Y');
INSERT INTO QUESTION_GB (QUEST_GB_SQ,QUEST_GB_CONTENT,QUEST_GB_ST) values (12,'미디어','Y');
INSERT INTO QUESTION_GB (QUEST_GB_SQ,QUEST_GB_CONTENT,QUEST_GB_ST) values (13,'교육','Y');
INSERT INTO QUESTION_GB (QUEST_GB_SQ,QUEST_GB_CONTENT,QUEST_GB_ST) values (14,'특수계층/공공','Y');

-- SMAPLE_QUESTION
INSERT INTO SAMPLE_QUESTION (SAMP_QUEST_SQ,SAMP_QUEST_CONTENT,SAMP_QUEST_ST,QUEST_GB_SQ) values (1,'우리 회사만의 강점이 무엇인가요?','Y',1);
INSERT INTO SAMPLE_QUESTION (SAMP_QUEST_SQ,SAMP_QUEST_CONTENT,SAMP_QUEST_ST,QUEST_GB_SQ) values (2,'살면서 가장 힘들었던 기억과, 그 기억을 극복하거나 해결했던 과정에 대해서 말해주세요','Y',1);
INSERT INTO SAMPLE_QUESTION (SAMP_QUEST_SQ,SAMP_QUEST_CONTENT,SAMP_QUEST_ST,QUEST_GB_SQ) values (3,'남들과 차별화된 경험이 있다면 어떤점이 있는지 말해주세요','Y',1);
INSERT INTO SAMPLE_QUESTION (SAMP_QUEST_SQ,SAMP_QUEST_CONTENT,SAMP_QUEST_ST,QUEST_GB_SQ) values (4,'회사에서 하고 싶은 업무가 무엇인가요?','Y',1);
INSERT INTO SAMPLE_QUESTION (SAMP_QUEST_SQ,SAMP_QUEST_CONTENT,SAMP_QUEST_ST,QUEST_GB_SQ) values (5,'이 회사에 지원하게 된 동기는 무엇인가요?','Y',1);
INSERT INTO SAMPLE_QUESTION (SAMP_QUEST_SQ,SAMP_QUEST_CONTENT,SAMP_QUEST_ST,QUEST_GB_SQ) values (6,'이전에 일했던 회사에서는 얼마나 일하셨고 팀에서 어떤 일을 담당하셨나요?','Y',1);
INSERT INTO SAMPLE_QUESTION (SAMP_QUEST_SQ,SAMP_QUEST_CONTENT,SAMP_QUEST_ST,QUEST_GB_SQ) values (7,'본인이 어떤 면에서 인사팀과 맞다고 생각해서 지원하셨나요?','Y',2);
INSERT INTO SAMPLE_QUESTION (SAMP_QUEST_SQ,SAMP_QUEST_CONTENT,SAMP_QUEST_ST,QUEST_GB_SQ) values (8,'왜 광고영업을 하고 싶으신가요?','Y',2);
INSERT INTO SAMPLE_QUESTION (SAMP_QUEST_SQ,SAMP_QUEST_CONTENT,SAMP_QUEST_ST,QUEST_GB_SQ) values (9,'수업을 포함해서 회계, 금융 그리고 무역 관련 경험은 무엇이 있나요?','Y',2);
INSERT INTO SAMPLE_QUESTION (SAMP_QUEST_SQ,SAMP_QUEST_CONTENT,SAMP_QUEST_ST,QUEST_GB_SQ) values (10,'인사 분야에서 본인의 10년 뒤의 모습은 어떨 것 같나요?','Y',2);
INSERT INTO SAMPLE_QUESTION (SAMP_QUEST_SQ,SAMP_QUEST_CONTENT,SAMP_QUEST_ST,QUEST_GB_SQ) values (11,'전략기획이란 무엇인지 아는데로 말해주세요','Y',2);
INSERT INTO SAMPLE_QUESTION (SAMP_QUEST_SQ,SAMP_QUEST_CONTENT,SAMP_QUEST_ST,QUEST_GB_SQ) values (12,'영업관리를 하기 위해 한 노력을 이야기 해 주세요','Y',3);
INSERT INTO SAMPLE_QUESTION (SAMP_QUEST_SQ,SAMP_QUEST_CONTENT,SAMP_QUEST_ST,QUEST_GB_SQ) values (13,'고객사에서 우리 회사 제품에 대해서 값을 낮추지 않으면 구매하지 않는다고 할때 어떤 방식으로 해결하실 것인지 말해주세요','Y',3);
INSERT INTO SAMPLE_QUESTION (SAMP_QUEST_SQ,SAMP_QUEST_CONTENT,SAMP_QUEST_ST,QUEST_GB_SQ) values (14,'고객 응대 경험이 있나요? 있다면 사례를 들어서 설명해주세요','Y',3);
INSERT INTO SAMPLE_QUESTION (SAMP_QUEST_SQ,SAMP_QUEST_CONTENT,SAMP_QUEST_ST,QUEST_GB_SQ) values (15,'상품을 판매한 경험이 있다면 힘들거나 기억에 남는 일이 있습니까? 있다면 말해주시고 없다면 앞으로 판매 경험을 어떻게 쌓아나갈지 말해주세요','Y',3);
INSERT INTO SAMPLE_QUESTION (SAMP_QUEST_SQ,SAMP_QUEST_CONTENT,SAMP_QUEST_ST,QUEST_GB_SQ) values (16,'본인이 업무를 할 때 고객으로부터 문전박대를 당한다면 어떻게 하실건가요?','Y',3);
INSERT INTO SAMPLE_QUESTION (SAMP_QUEST_SQ,SAMP_QUEST_CONTENT,SAMP_QUEST_ST,QUEST_GB_SQ) values (17,'시스템 개발 업무를 잘 할 수 있는 자신의 차별화된 역량은 무엇인가요?','Y',4);
INSERT INTO SAMPLE_QUESTION (SAMP_QUEST_SQ,SAMP_QUEST_CONTENT,SAMP_QUEST_ST,QUEST_GB_SQ) values (18,'운영체제같은 컴퓨터공학에 대한 기초지식이 있나요?','Y',4);
INSERT INTO SAMPLE_QUESTION (SAMP_QUEST_SQ,SAMP_QUEST_CONTENT,SAMP_QUEST_ST,QUEST_GB_SQ) values (19,'프론트엔드 개발에서 보안관련 이슈는 어떠한 것들이 있나요?','Y',4);
INSERT INTO SAMPLE_QUESTION (SAMP_QUEST_SQ,SAMP_QUEST_CONTENT,SAMP_QUEST_ST,QUEST_GB_SQ) values (20,'본인의 프로그래밍 역량은 어느정도 되나요?','Y',4);
INSERT INTO SAMPLE_QUESTION (SAMP_QUEST_SQ,SAMP_QUEST_CONTENT,SAMP_QUEST_ST,QUEST_GB_SQ) values (21,'자바스크립트의 Number Type는 다른 언어들과 차이점이 무엇인가요? 왜 하나만 존재하나요?','Y',4);
INSERT INTO SAMPLE_QUESTION (SAMP_QUEST_SQ,SAMP_QUEST_CONTENT,SAMP_QUEST_ST,QUEST_GB_SQ) values (22,'가장 기억나는 광고를 말해주시고 어떤 점이 좋았는지 말해주세요','Y',6);
INSERT INTO SAMPLE_QUESTION (SAMP_QUEST_SQ,SAMP_QUEST_CONTENT,SAMP_QUEST_ST,QUEST_GB_SQ) values (23,'최근에 친구와 여행 간 경험이 있나요? 어디로 가셨나요?','Y',6);
INSERT INTO SAMPLE_QUESTION (SAMP_QUEST_SQ,SAMP_QUEST_CONTENT,SAMP_QUEST_ST,QUEST_GB_SQ) values (24,'어떤 유통경로를 담당하고 싶으세요?','Y',11);
INSERT INTO SAMPLE_QUESTION (SAMP_QUEST_SQ,SAMP_QUEST_CONTENT,SAMP_QUEST_ST,QUEST_GB_SQ) values (25,'수업을 포함해서 회계, 금융 그리고 무역 관련 경험은 무엇이 있나요?','Y',11);
INSERT INTO SAMPLE_QUESTION (SAMP_QUEST_SQ,SAMP_QUEST_CONTENT,SAMP_QUEST_ST,QUEST_GB_SQ) values (26,'유통 관련 경험이 없다면 그 경험이 없이도 SC를 잘 할 수 있는 이유는 무엇인가요?','Y',11);
INSERT INTO SAMPLE_QUESTION (SAMP_QUEST_SQ,SAMP_QUEST_CONTENT,SAMP_QUEST_ST,QUEST_GB_SQ) values (27,'왜 교육팀에 지원했나요?','Y',13);
INSERT INTO SAMPLE_QUESTION (SAMP_QUEST_SQ,SAMP_QUEST_CONTENT,SAMP_QUEST_ST,QUEST_GB_SQ) values (28,'교육 부서가 조직의 교육 뿐 아니라 문화 또한 담당하는 부서인 것을 알고 계신가요?','Y',13);
INSERT INTO SAMPLE_QUESTION (SAMP_QUEST_SQ,SAMP_QUEST_CONTENT,SAMP_QUEST_ST,QUEST_GB_SQ) values (29,'건설 현장에 근무하게 되면 어떠한 업무를 맡고 싶으신가요?','Y',10);
INSERT INTO SAMPLE_QUESTION (SAMP_QUEST_SQ,SAMP_QUEST_CONTENT,SAMP_QUEST_ST,QUEST_GB_SQ) values (30,'회사가 하는 사업중에 건설 근로자들의 소득 증대를 할 수 있는 방안이 있나요?','Y',10);
INSERT INTO SAMPLE_QUESTION (SAMP_QUEST_SQ,SAMP_QUEST_CONTENT,SAMP_QUEST_ST,QUEST_GB_SQ) values (31,'생산기술이 무엇이라 생각하시나요?','Y',9);
INSERT INTO SAMPLE_QUESTION (SAMP_QUEST_SQ,SAMP_QUEST_CONTENT,SAMP_QUEST_ST,QUEST_GB_SQ) values (32,'본인이 생각하는 생산관리와 현장에서 느낀 생산관리가 달랐을 때 어떻게 할 것인가요?','Y',99);
INSERT INTO SAMPLE_QUESTION (SAMP_QUEST_SQ,SAMP_QUEST_CONTENT,SAMP_QUEST_ST,QUEST_GB_SQ) values (33,'공공기관은 공정성이 중시되는데, 본인이 생각하는 공정성은 무엇인가요?','Y',14);


--INTERVIEW
Insert into AI_INTERVIEW_DEV.INTERVIEW (INTERVIEW_SQ,INTERVIEW_NM,INTERVIEW_DATE,MEM_ID) values (1,'이름없는 면접',to_date('20/12/19','RR/MM/DD'),'MEMBER1');
Insert into AI_INTERVIEW_DEV.INTERVIEW (INTERVIEW_SQ,INTERVIEW_NM,INTERVIEW_DATE,MEM_ID) values (2,'이름없는 면접',to_date('20/12/19','RR/MM/DD'),'MEMBER1');
Insert into AI_INTERVIEW_DEV.INTERVIEW (INTERVIEW_SQ,INTERVIEW_NM,INTERVIEW_DATE,MEM_ID) values (3,'이름없는 면접',to_date('20/12/19','RR/MM/DD'),'MEMBER1');
Insert into AI_INTERVIEW_DEV.INTERVIEW (INTERVIEW_SQ,INTERVIEW_NM,INTERVIEW_DATE,MEM_ID) values (4,'이름없는 면접',to_date('20/12/19','RR/MM/DD'),'MEMBER1');
Insert into AI_INTERVIEW_DEV.INTERVIEW (INTERVIEW_SQ,INTERVIEW_NM,INTERVIEW_DATE,MEM_ID) values (5,'이름없는 면접',to_date('20/12/19','RR/MM/DD'),'MEMBER1');

--QUESTION
Insert into AI_INTERVIEW_DEV.QUESTION (QUEST_SQ,QUEST_CONTENT,INTERVIEW_SQ,SAMP_QUEST_SQ) values (1,'본인이 어떤 면에서 인사팀과 맞다고 생각해서 지원하셨나요?',1,7);
Insert into AI_INTERVIEW_DEV.QUESTION (QUEST_SQ,QUEST_CONTENT,INTERVIEW_SQ,SAMP_QUEST_SQ) values (2,'인사 분야에서 본인의 10년 뒤의 모습은 어떨 것 같나요?',2,10);
Insert into AI_INTERVIEW_DEV.QUESTION (QUEST_SQ,QUEST_CONTENT,INTERVIEW_SQ,SAMP_QUEST_SQ) values (3,'살면서 가장 힘들었던 기억과, 그 기억을 극복하거나 해결했던 과정에 대해서 말해주세요',3,2);
Insert into AI_INTERVIEW_DEV.QUESTION (QUEST_SQ,QUEST_CONTENT,INTERVIEW_SQ,SAMP_QUEST_SQ) values (4,'이전에 일했던 회사에서는 얼마나 일하셨고 팀에서 어떤 일을 담당하셨나요?',4,6);
Insert into AI_INTERVIEW_DEV.QUESTION (QUEST_SQ,QUEST_CONTENT,INTERVIEW_SQ,SAMP_QUEST_SQ) values (5,'이전에 일했던 회사에서는 얼마나 일하셨고 팀에서 어떤 일을 담당하셨나요?',5,6);

--ANSWER
Insert into AI_INTERVIEW_DEV.ANSWER (ANS_SQ,ANS_CONTENT,VIDEO_PATH,ANS_TIME,ANS_SPEED,QUEST_SQ) values (1,'어 평소에 사람 관리 및 군대에서 인사 관련 쪽으로 일을 했었기 때문에.충분히 좋아 적성이 맞다고 생각해서 지원했습니다.','D:\answerVideo\b3c23585-a467-4fee-8081-6fd22750b70e.webm',17,236.47058823529414,1);
Insert into AI_INTERVIEW_DEV.ANSWER (ANS_SQ,ANS_CONTENT,VIDEO_PATH,ANS_TIME,ANS_SPEED,QUEST_SQ) values (2,'어 십 년 뒤에 저의 모습은?아마 이직 같은 건 하지 않고 한 회사에서.오랫동안 일하는 베테랑이 되어 있을 것 같습니다.','D:\answerVideo\a01ed7be-e542-4e47-886c-b6630617c4c2.webm',17,236.47058823529414,2);
Insert into AI_INTERVIEW_DEV.ANSWER (ANS_SQ,ANS_CONTENT,VIDEO_PATH,ANS_TIME,ANS_SPEED,QUEST_SQ) values (3,'아직까지 특별히 엄청 힘들었다 고 생각되는 기억이 없기 때문에.이 생각 그대로 앞으로 행복하게 살아가면 될 것 같습니다.','D:\answerVideo\d8273966-3c61-45d0-9bb8-a78f2715b4ee.webm',16,251.25,3);
Insert into AI_INTERVIEW_DEV.ANSWER (ANS_SQ,ANS_CONTENT,VIDEO_PATH,ANS_TIME,ANS_SPEED,QUEST_SQ) values (4,'이전에 일했던 회사에서는 얼마나 이뤄졌고, 튀면서 어떤 일을 담당 하셨나요?바로 가능.','D:\answerVideo\963b28b1-e879-4b88-8fbd-c91a31bf3755.webm',26,110.76923076923077,4);
Insert into AI_INTERVIEW_DEV.ANSWER (ANS_SQ,ANS_CONTENT,VIDEO_PATH,ANS_TIME,ANS_SPEED,QUEST_SQ) values (5,'어 이전에 일했던 곳은 부산이 며 일 년 가량 일을 했었습니다. 팀의 막내로서 여러가지 일을 했고 주로 cad cam 담당을 했었습니다.','D:\answerVideo\2e5eae4c-b4a3-4bdd-a726-8c5d99b2426e.webm',16,285,5);

--KEYWORD_ANALYSIS
Insert into AI_INTERVIEW_DEV.KEYWORD_ANALYSIS (ANS_SQ,TALENT_SQ,KEYWORD_SQ,KEYWORD_COUNT) values (1,2,3,0);
Insert into AI_INTERVIEW_DEV.KEYWORD_ANALYSIS (ANS_SQ,TALENT_SQ,KEYWORD_SQ,KEYWORD_COUNT) values (1,2,4,0);
Insert into AI_INTERVIEW_DEV.KEYWORD_ANALYSIS (ANS_SQ,TALENT_SQ,KEYWORD_SQ,KEYWORD_COUNT) values (1,3,1,0);
Insert into AI_INTERVIEW_DEV.KEYWORD_ANALYSIS (ANS_SQ,TALENT_SQ,KEYWORD_SQ,KEYWORD_COUNT) values (1,3,2,0);
Insert into AI_INTERVIEW_DEV.KEYWORD_ANALYSIS (ANS_SQ,TALENT_SQ,KEYWORD_SQ,KEYWORD_COUNT) values (2,2,3,0);
Insert into AI_INTERVIEW_DEV.KEYWORD_ANALYSIS (ANS_SQ,TALENT_SQ,KEYWORD_SQ,KEYWORD_COUNT) values (2,2,4,0);
Insert into AI_INTERVIEW_DEV.KEYWORD_ANALYSIS (ANS_SQ,TALENT_SQ,KEYWORD_SQ,KEYWORD_COUNT) values (2,3,1,0);
Insert into AI_INTERVIEW_DEV.KEYWORD_ANALYSIS (ANS_SQ,TALENT_SQ,KEYWORD_SQ,KEYWORD_COUNT) values (2,3,2,0);
Insert into AI_INTERVIEW_DEV.KEYWORD_ANALYSIS (ANS_SQ,TALENT_SQ,KEYWORD_SQ,KEYWORD_COUNT) values (3,2,3,0);
Insert into AI_INTERVIEW_DEV.KEYWORD_ANALYSIS (ANS_SQ,TALENT_SQ,KEYWORD_SQ,KEYWORD_COUNT) values (3,2,4,0);
Insert into AI_INTERVIEW_DEV.KEYWORD_ANALYSIS (ANS_SQ,TALENT_SQ,KEYWORD_SQ,KEYWORD_COUNT) values (3,3,1,0);
Insert into AI_INTERVIEW_DEV.KEYWORD_ANALYSIS (ANS_SQ,TALENT_SQ,KEYWORD_SQ,KEYWORD_COUNT) values (3,3,2,0);
Insert into AI_INTERVIEW_DEV.KEYWORD_ANALYSIS (ANS_SQ,TALENT_SQ,KEYWORD_SQ,KEYWORD_COUNT) values (4,2,3,0);
Insert into AI_INTERVIEW_DEV.KEYWORD_ANALYSIS (ANS_SQ,TALENT_SQ,KEYWORD_SQ,KEYWORD_COUNT) values (4,2,4,0);
Insert into AI_INTERVIEW_DEV.KEYWORD_ANALYSIS (ANS_SQ,TALENT_SQ,KEYWORD_SQ,KEYWORD_COUNT) values (4,3,1,0);
Insert into AI_INTERVIEW_DEV.KEYWORD_ANALYSIS (ANS_SQ,TALENT_SQ,KEYWORD_SQ,KEYWORD_COUNT) values (4,3,2,0);
Insert into AI_INTERVIEW_DEV.KEYWORD_ANALYSIS (ANS_SQ,TALENT_SQ,KEYWORD_SQ,KEYWORD_COUNT) values (5,2,3,0);
Insert into AI_INTERVIEW_DEV.KEYWORD_ANALYSIS (ANS_SQ,TALENT_SQ,KEYWORD_SQ,KEYWORD_COUNT) values (5,2,4,0);
Insert into AI_INTERVIEW_DEV.KEYWORD_ANALYSIS (ANS_SQ,TALENT_SQ,KEYWORD_SQ,KEYWORD_COUNT) values (5,3,1,0);
Insert into AI_INTERVIEW_DEV.KEYWORD_ANALYSIS (ANS_SQ,TALENT_SQ,KEYWORD_SQ,KEYWORD_COUNT) values (5,3,2,0);

--VOICE_ANALYSIS
Insert into AI_INTERVIEW_DEV.VOICE_ANALYSIS (VOICE_ANALYSIS_SQ,VOICE_DECIBEL,VOICE_RANGE,ANS_SQ) values (1,16,5,1);
Insert into AI_INTERVIEW_DEV.VOICE_ANALYSIS (VOICE_ANALYSIS_SQ,VOICE_DECIBEL,VOICE_RANGE,ANS_SQ) values (2,18,7,1);
Insert into AI_INTERVIEW_DEV.VOICE_ANALYSIS (VOICE_ANALYSIS_SQ,VOICE_DECIBEL,VOICE_RANGE,ANS_SQ) values (3,22,12,1);
Insert into AI_INTERVIEW_DEV.VOICE_ANALYSIS (VOICE_ANALYSIS_SQ,VOICE_DECIBEL,VOICE_RANGE,ANS_SQ) values (4,27,22,1);
Insert into AI_INTERVIEW_DEV.VOICE_ANALYSIS (VOICE_ANALYSIS_SQ,VOICE_DECIBEL,VOICE_RANGE,ANS_SQ) values (5,27,22,1);
Insert into AI_INTERVIEW_DEV.VOICE_ANALYSIS (VOICE_ANALYSIS_SQ,VOICE_DECIBEL,VOICE_RANGE,ANS_SQ) values (6,27,22,1);
Insert into AI_INTERVIEW_DEV.VOICE_ANALYSIS (VOICE_ANALYSIS_SQ,VOICE_DECIBEL,VOICE_RANGE,ANS_SQ) values (7,28,23,1);
Insert into AI_INTERVIEW_DEV.VOICE_ANALYSIS (VOICE_ANALYSIS_SQ,VOICE_DECIBEL,VOICE_RANGE,ANS_SQ) values (8,29,28,1);
Insert into AI_INTERVIEW_DEV.VOICE_ANALYSIS (VOICE_ANALYSIS_SQ,VOICE_DECIBEL,VOICE_RANGE,ANS_SQ) values (9,29,27,1);
Insert into AI_INTERVIEW_DEV.VOICE_ANALYSIS (VOICE_ANALYSIS_SQ,VOICE_DECIBEL,VOICE_RANGE,ANS_SQ) values (10,29,27,1);
Insert into AI_INTERVIEW_DEV.VOICE_ANALYSIS (VOICE_ANALYSIS_SQ,VOICE_DECIBEL,VOICE_RANGE,ANS_SQ) values (11,33,42,1);
Insert into AI_INTERVIEW_DEV.VOICE_ANALYSIS (VOICE_ANALYSIS_SQ,VOICE_DECIBEL,VOICE_RANGE,ANS_SQ) values (12,34,50,1);
Insert into AI_INTERVIEW_DEV.VOICE_ANALYSIS (VOICE_ANALYSIS_SQ,VOICE_DECIBEL,VOICE_RANGE,ANS_SQ) values (13,34,51,1);
Insert into AI_INTERVIEW_DEV.VOICE_ANALYSIS (VOICE_ANALYSIS_SQ,VOICE_DECIBEL,VOICE_RANGE,ANS_SQ) values (14,34,51,1);
Insert into AI_INTERVIEW_DEV.VOICE_ANALYSIS (VOICE_ANALYSIS_SQ,VOICE_DECIBEL,VOICE_RANGE,ANS_SQ) values (15,35,53,1);
Insert into AI_INTERVIEW_DEV.VOICE_ANALYSIS (VOICE_ANALYSIS_SQ,VOICE_DECIBEL,VOICE_RANGE,ANS_SQ) values (16,36,59,1);
Insert into AI_INTERVIEW_DEV.VOICE_ANALYSIS (VOICE_ANALYSIS_SQ,VOICE_DECIBEL,VOICE_RANGE,ANS_SQ) values (17,36,63,1);
Insert into AI_INTERVIEW_DEV.VOICE_ANALYSIS (VOICE_ANALYSIS_SQ,VOICE_DECIBEL,VOICE_RANGE,ANS_SQ) values (18,37,69,1);
Insert into AI_INTERVIEW_DEV.VOICE_ANALYSIS (VOICE_ANALYSIS_SQ,VOICE_DECIBEL,VOICE_RANGE,ANS_SQ) values (19,38,76,1);
Insert into AI_INTERVIEW_DEV.VOICE_ANALYSIS (VOICE_ANALYSIS_SQ,VOICE_DECIBEL,VOICE_RANGE,ANS_SQ) values (20,38,78,1);
Insert into AI_INTERVIEW_DEV.VOICE_ANALYSIS (VOICE_ANALYSIS_SQ,VOICE_DECIBEL,VOICE_RANGE,ANS_SQ) values (21,38,77,1);
Insert into AI_INTERVIEW_DEV.VOICE_ANALYSIS (VOICE_ANALYSIS_SQ,VOICE_DECIBEL,VOICE_RANGE,ANS_SQ) values (22,38,75,1);
Insert into AI_INTERVIEW_DEV.VOICE_ANALYSIS (VOICE_ANALYSIS_SQ,VOICE_DECIBEL,VOICE_RANGE,ANS_SQ) values (23,38,83,1);
Insert into AI_INTERVIEW_DEV.VOICE_ANALYSIS (VOICE_ANALYSIS_SQ,VOICE_DECIBEL,VOICE_RANGE,ANS_SQ) values (24,39,87,1);
Insert into AI_INTERVIEW_DEV.VOICE_ANALYSIS (VOICE_ANALYSIS_SQ,VOICE_DECIBEL,VOICE_RANGE,ANS_SQ) values (25,39,93,1);
Insert into AI_INTERVIEW_DEV.VOICE_ANALYSIS (VOICE_ANALYSIS_SQ,VOICE_DECIBEL,VOICE_RANGE,ANS_SQ) values (26,40,94,1);
Insert into AI_INTERVIEW_DEV.VOICE_ANALYSIS (VOICE_ANALYSIS_SQ,VOICE_DECIBEL,VOICE_RANGE,ANS_SQ) values (27,39,93,1);
Insert into AI_INTERVIEW_DEV.VOICE_ANALYSIS (VOICE_ANALYSIS_SQ,VOICE_DECIBEL,VOICE_RANGE,ANS_SQ) values (28,39,93,1);
Insert into AI_INTERVIEW_DEV.VOICE_ANALYSIS (VOICE_ANALYSIS_SQ,VOICE_DECIBEL,VOICE_RANGE,ANS_SQ) values (29,39,92,1);
Insert into AI_INTERVIEW_DEV.VOICE_ANALYSIS (VOICE_ANALYSIS_SQ,VOICE_DECIBEL,VOICE_RANGE,ANS_SQ) values (30,39,90,1);
Insert into AI_INTERVIEW_DEV.VOICE_ANALYSIS (VOICE_ANALYSIS_SQ,VOICE_DECIBEL,VOICE_RANGE,ANS_SQ) values (31,39,89,1);
Insert into AI_INTERVIEW_DEV.VOICE_ANALYSIS (VOICE_ANALYSIS_SQ,VOICE_DECIBEL,VOICE_RANGE,ANS_SQ) values (32,39,88,1);
Insert into AI_INTERVIEW_DEV.VOICE_ANALYSIS (VOICE_ANALYSIS_SQ,VOICE_DECIBEL,VOICE_RANGE,ANS_SQ) values (33,39,88,1);
Insert into AI_INTERVIEW_DEV.VOICE_ANALYSIS (VOICE_ANALYSIS_SQ,VOICE_DECIBEL,VOICE_RANGE,ANS_SQ) values (34,39,86,1);
Insert into AI_INTERVIEW_DEV.VOICE_ANALYSIS (VOICE_ANALYSIS_SQ,VOICE_DECIBEL,VOICE_RANGE,ANS_SQ) values (35,39,84,1);
Insert into AI_INTERVIEW_DEV.VOICE_ANALYSIS (VOICE_ANALYSIS_SQ,VOICE_DECIBEL,VOICE_RANGE,ANS_SQ) values (36,38,81,1);
Insert into AI_INTERVIEW_DEV.VOICE_ANALYSIS (VOICE_ANALYSIS_SQ,VOICE_DECIBEL,VOICE_RANGE,ANS_SQ) values (37,38,83,1);
Insert into AI_INTERVIEW_DEV.VOICE_ANALYSIS (VOICE_ANALYSIS_SQ,VOICE_DECIBEL,VOICE_RANGE,ANS_SQ) values (38,40,95,1);
Insert into AI_INTERVIEW_DEV.VOICE_ANALYSIS (VOICE_ANALYSIS_SQ,VOICE_DECIBEL,VOICE_RANGE,ANS_SQ) values (39,40,97,1);
Insert into AI_INTERVIEW_DEV.VOICE_ANALYSIS (VOICE_ANALYSIS_SQ,VOICE_DECIBEL,VOICE_RANGE,ANS_SQ) values (40,40,97,1);
Insert into AI_INTERVIEW_DEV.VOICE_ANALYSIS (VOICE_ANALYSIS_SQ,VOICE_DECIBEL,VOICE_RANGE,ANS_SQ) values (41,40,97,1);
Insert into AI_INTERVIEW_DEV.VOICE_ANALYSIS (VOICE_ANALYSIS_SQ,VOICE_DECIBEL,VOICE_RANGE,ANS_SQ) values (42,40,96,1);
Insert into AI_INTERVIEW_DEV.VOICE_ANALYSIS (VOICE_ANALYSIS_SQ,VOICE_DECIBEL,VOICE_RANGE,ANS_SQ) values (43,40,97,1);
Insert into AI_INTERVIEW_DEV.VOICE_ANALYSIS (VOICE_ANALYSIS_SQ,VOICE_DECIBEL,VOICE_RANGE,ANS_SQ) values (44,40,95,1);
Insert into AI_INTERVIEW_DEV.VOICE_ANALYSIS (VOICE_ANALYSIS_SQ,VOICE_DECIBEL,VOICE_RANGE,ANS_SQ) values (45,40,95,1);
Insert into AI_INTERVIEW_DEV.VOICE_ANALYSIS (VOICE_ANALYSIS_SQ,VOICE_DECIBEL,VOICE_RANGE,ANS_SQ) values (46,40,94,1);
Insert into AI_INTERVIEW_DEV.VOICE_ANALYSIS (VOICE_ANALYSIS_SQ,VOICE_DECIBEL,VOICE_RANGE,ANS_SQ) values (47,39,91,1);
Insert into AI_INTERVIEW_DEV.VOICE_ANALYSIS (VOICE_ANALYSIS_SQ,VOICE_DECIBEL,VOICE_RANGE,ANS_SQ) values (48,39,89,1);
Insert into AI_INTERVIEW_DEV.VOICE_ANALYSIS (VOICE_ANALYSIS_SQ,VOICE_DECIBEL,VOICE_RANGE,ANS_SQ) values (49,39,87,1);
Insert into AI_INTERVIEW_DEV.VOICE_ANALYSIS (VOICE_ANALYSIS_SQ,VOICE_DECIBEL,VOICE_RANGE,ANS_SQ) values (50,39,86,1);
Insert into AI_INTERVIEW_DEV.VOICE_ANALYSIS (VOICE_ANALYSIS_SQ,VOICE_DECIBEL,VOICE_RANGE,ANS_SQ) values (51,19,8,2);
Insert into AI_INTERVIEW_DEV.VOICE_ANALYSIS (VOICE_ANALYSIS_SQ,VOICE_DECIBEL,VOICE_RANGE,ANS_SQ) values (52,20,9,2);
Insert into AI_INTERVIEW_DEV.VOICE_ANALYSIS (VOICE_ANALYSIS_SQ,VOICE_DECIBEL,VOICE_RANGE,ANS_SQ) values (53,23,13,2);
Insert into AI_INTERVIEW_DEV.VOICE_ANALYSIS (VOICE_ANALYSIS_SQ,VOICE_DECIBEL,VOICE_RANGE,ANS_SQ) values (54,23,13,2);
Insert into AI_INTERVIEW_DEV.VOICE_ANALYSIS (VOICE_ANALYSIS_SQ,VOICE_DECIBEL,VOICE_RANGE,ANS_SQ) values (55,23,13,2);
Insert into AI_INTERVIEW_DEV.VOICE_ANALYSIS (VOICE_ANALYSIS_SQ,VOICE_DECIBEL,VOICE_RANGE,ANS_SQ) values (56,30,29,2);
Insert into AI_INTERVIEW_DEV.VOICE_ANALYSIS (VOICE_ANALYSIS_SQ,VOICE_DECIBEL,VOICE_RANGE,ANS_SQ) values (57,34,49,2);
Insert into AI_INTERVIEW_DEV.VOICE_ANALYSIS (VOICE_ANALYSIS_SQ,VOICE_DECIBEL,VOICE_RANGE,ANS_SQ) values (58,36,60,2);
Insert into AI_INTERVIEW_DEV.VOICE_ANALYSIS (VOICE_ANALYSIS_SQ,VOICE_DECIBEL,VOICE_RANGE,ANS_SQ) values (59,37,67,2);
Insert into AI_INTERVIEW_DEV.VOICE_ANALYSIS (VOICE_ANALYSIS_SQ,VOICE_DECIBEL,VOICE_RANGE,ANS_SQ) values (60,37,71,2);
Insert into AI_INTERVIEW_DEV.VOICE_ANALYSIS (VOICE_ANALYSIS_SQ,VOICE_DECIBEL,VOICE_RANGE,ANS_SQ) values (61,38,78,2);
Insert into AI_INTERVIEW_DEV.VOICE_ANALYSIS (VOICE_ANALYSIS_SQ,VOICE_DECIBEL,VOICE_RANGE,ANS_SQ) values (62,38,79,2);
Insert into AI_INTERVIEW_DEV.VOICE_ANALYSIS (VOICE_ANALYSIS_SQ,VOICE_DECIBEL,VOICE_RANGE,ANS_SQ) values (63,38,82,2);
Insert into AI_INTERVIEW_DEV.VOICE_ANALYSIS (VOICE_ANALYSIS_SQ,VOICE_DECIBEL,VOICE_RANGE,ANS_SQ) values (64,38,81,2);
Insert into AI_INTERVIEW_DEV.VOICE_ANALYSIS (VOICE_ANALYSIS_SQ,VOICE_DECIBEL,VOICE_RANGE,ANS_SQ) values (65,38,80,2);
Insert into AI_INTERVIEW_DEV.VOICE_ANALYSIS (VOICE_ANALYSIS_SQ,VOICE_DECIBEL,VOICE_RANGE,ANS_SQ) values (66,39,88,2);
Insert into AI_INTERVIEW_DEV.VOICE_ANALYSIS (VOICE_ANALYSIS_SQ,VOICE_DECIBEL,VOICE_RANGE,ANS_SQ) values (67,40,95,2);
Insert into AI_INTERVIEW_DEV.VOICE_ANALYSIS (VOICE_ANALYSIS_SQ,VOICE_DECIBEL,VOICE_RANGE,ANS_SQ) values (68,39,93,2);
Insert into AI_INTERVIEW_DEV.VOICE_ANALYSIS (VOICE_ANALYSIS_SQ,VOICE_DECIBEL,VOICE_RANGE,ANS_SQ) values (69,39,93,2);
Insert into AI_INTERVIEW_DEV.VOICE_ANALYSIS (VOICE_ANALYSIS_SQ,VOICE_DECIBEL,VOICE_RANGE,ANS_SQ) values (70,40,94,2);
Insert into AI_INTERVIEW_DEV.VOICE_ANALYSIS (VOICE_ANALYSIS_SQ,VOICE_DECIBEL,VOICE_RANGE,ANS_SQ) values (71,40,94,2);
Insert into AI_INTERVIEW_DEV.VOICE_ANALYSIS (VOICE_ANALYSIS_SQ,VOICE_DECIBEL,VOICE_RANGE,ANS_SQ) values (72,39,93,2);
Insert into AI_INTERVIEW_DEV.VOICE_ANALYSIS (VOICE_ANALYSIS_SQ,VOICE_DECIBEL,VOICE_RANGE,ANS_SQ) values (73,41,106,2);
Insert into AI_INTERVIEW_DEV.VOICE_ANALYSIS (VOICE_ANALYSIS_SQ,VOICE_DECIBEL,VOICE_RANGE,ANS_SQ) values (74,41,105,2);
Insert into AI_INTERVIEW_DEV.VOICE_ANALYSIS (VOICE_ANALYSIS_SQ,VOICE_DECIBEL,VOICE_RANGE,ANS_SQ) values (75,40,103,2);
Insert into AI_INTERVIEW_DEV.VOICE_ANALYSIS (VOICE_ANALYSIS_SQ,VOICE_DECIBEL,VOICE_RANGE,ANS_SQ) values (76,40,101,2);
Insert into AI_INTERVIEW_DEV.VOICE_ANALYSIS (VOICE_ANALYSIS_SQ,VOICE_DECIBEL,VOICE_RANGE,ANS_SQ) values (77,40,98,2);
Insert into AI_INTERVIEW_DEV.VOICE_ANALYSIS (VOICE_ANALYSIS_SQ,VOICE_DECIBEL,VOICE_RANGE,ANS_SQ) values (78,40,95,2);
Insert into AI_INTERVIEW_DEV.VOICE_ANALYSIS (VOICE_ANALYSIS_SQ,VOICE_DECIBEL,VOICE_RANGE,ANS_SQ) values (79,40,102,2);
Insert into AI_INTERVIEW_DEV.VOICE_ANALYSIS (VOICE_ANALYSIS_SQ,VOICE_DECIBEL,VOICE_RANGE,ANS_SQ) values (80,40,101,2);
Insert into AI_INTERVIEW_DEV.VOICE_ANALYSIS (VOICE_ANALYSIS_SQ,VOICE_DECIBEL,VOICE_RANGE,ANS_SQ) values (81,40,101,2);
Insert into AI_INTERVIEW_DEV.VOICE_ANALYSIS (VOICE_ANALYSIS_SQ,VOICE_DECIBEL,VOICE_RANGE,ANS_SQ) values (82,40,100,2);
Insert into AI_INTERVIEW_DEV.VOICE_ANALYSIS (VOICE_ANALYSIS_SQ,VOICE_DECIBEL,VOICE_RANGE,ANS_SQ) values (83,40,99,2);
Insert into AI_INTERVIEW_DEV.VOICE_ANALYSIS (VOICE_ANALYSIS_SQ,VOICE_DECIBEL,VOICE_RANGE,ANS_SQ) values (84,40,100,2);
Insert into AI_INTERVIEW_DEV.VOICE_ANALYSIS (VOICE_ANALYSIS_SQ,VOICE_DECIBEL,VOICE_RANGE,ANS_SQ) values (85,40,100,2);
Insert into AI_INTERVIEW_DEV.VOICE_ANALYSIS (VOICE_ANALYSIS_SQ,VOICE_DECIBEL,VOICE_RANGE,ANS_SQ) values (86,40,98,2);
Insert into AI_INTERVIEW_DEV.VOICE_ANALYSIS (VOICE_ANALYSIS_SQ,VOICE_DECIBEL,VOICE_RANGE,ANS_SQ) values (87,40,97,2);
Insert into AI_INTERVIEW_DEV.VOICE_ANALYSIS (VOICE_ANALYSIS_SQ,VOICE_DECIBEL,VOICE_RANGE,ANS_SQ) values (88,40,103,2);
Insert into AI_INTERVIEW_DEV.VOICE_ANALYSIS (VOICE_ANALYSIS_SQ,VOICE_DECIBEL,VOICE_RANGE,ANS_SQ) values (89,40,101,2);
Insert into AI_INTERVIEW_DEV.VOICE_ANALYSIS (VOICE_ANALYSIS_SQ,VOICE_DECIBEL,VOICE_RANGE,ANS_SQ) values (90,40,99,2);
Insert into AI_INTERVIEW_DEV.VOICE_ANALYSIS (VOICE_ANALYSIS_SQ,VOICE_DECIBEL,VOICE_RANGE,ANS_SQ) values (91,40,96,2);
Insert into AI_INTERVIEW_DEV.VOICE_ANALYSIS (VOICE_ANALYSIS_SQ,VOICE_DECIBEL,VOICE_RANGE,ANS_SQ) values (92,40,94,2);
Insert into AI_INTERVIEW_DEV.VOICE_ANALYSIS (VOICE_ANALYSIS_SQ,VOICE_DECIBEL,VOICE_RANGE,ANS_SQ) values (93,39,92,2);
Insert into AI_INTERVIEW_DEV.VOICE_ANALYSIS (VOICE_ANALYSIS_SQ,VOICE_DECIBEL,VOICE_RANGE,ANS_SQ) values (94,39,89,2);
Insert into AI_INTERVIEW_DEV.VOICE_ANALYSIS (VOICE_ANALYSIS_SQ,VOICE_DECIBEL,VOICE_RANGE,ANS_SQ) values (95,39,88,2);
Insert into AI_INTERVIEW_DEV.VOICE_ANALYSIS (VOICE_ANALYSIS_SQ,VOICE_DECIBEL,VOICE_RANGE,ANS_SQ) values (96,39,87,2);
Insert into AI_INTERVIEW_DEV.VOICE_ANALYSIS (VOICE_ANALYSIS_SQ,VOICE_DECIBEL,VOICE_RANGE,ANS_SQ) values (97,0,0,3);
Insert into AI_INTERVIEW_DEV.VOICE_ANALYSIS (VOICE_ANALYSIS_SQ,VOICE_DECIBEL,VOICE_RANGE,ANS_SQ) values (98,19,8,3);
Insert into AI_INTERVIEW_DEV.VOICE_ANALYSIS (VOICE_ANALYSIS_SQ,VOICE_DECIBEL,VOICE_RANGE,ANS_SQ) values (99,27,22,3);
Insert into AI_INTERVIEW_DEV.VOICE_ANALYSIS (VOICE_ANALYSIS_SQ,VOICE_DECIBEL,VOICE_RANGE,ANS_SQ) values (100,29,26,3);
Insert into AI_INTERVIEW_DEV.VOICE_ANALYSIS (VOICE_ANALYSIS_SQ,VOICE_DECIBEL,VOICE_RANGE,ANS_SQ) values (101,36,65,3);
Insert into AI_INTERVIEW_DEV.VOICE_ANALYSIS (VOICE_ANALYSIS_SQ,VOICE_DECIBEL,VOICE_RANGE,ANS_SQ) values (102,37,71,3);
Insert into AI_INTERVIEW_DEV.VOICE_ANALYSIS (VOICE_ANALYSIS_SQ,VOICE_DECIBEL,VOICE_RANGE,ANS_SQ) values (103,37,72,3);
Insert into AI_INTERVIEW_DEV.VOICE_ANALYSIS (VOICE_ANALYSIS_SQ,VOICE_DECIBEL,VOICE_RANGE,ANS_SQ) values (104,38,79,3);
Insert into AI_INTERVIEW_DEV.VOICE_ANALYSIS (VOICE_ANALYSIS_SQ,VOICE_DECIBEL,VOICE_RANGE,ANS_SQ) values (105,38,80,3);
Insert into AI_INTERVIEW_DEV.VOICE_ANALYSIS (VOICE_ANALYSIS_SQ,VOICE_DECIBEL,VOICE_RANGE,ANS_SQ) values (106,38,79,3);
Insert into AI_INTERVIEW_DEV.VOICE_ANALYSIS (VOICE_ANALYSIS_SQ,VOICE_DECIBEL,VOICE_RANGE,ANS_SQ) values (107,38,82,3);
Insert into AI_INTERVIEW_DEV.VOICE_ANALYSIS (VOICE_ANALYSIS_SQ,VOICE_DECIBEL,VOICE_RANGE,ANS_SQ) values (108,38,80,3);
Insert into AI_INTERVIEW_DEV.VOICE_ANALYSIS (VOICE_ANALYSIS_SQ,VOICE_DECIBEL,VOICE_RANGE,ANS_SQ) values (109,38,81,3);
Insert into AI_INTERVIEW_DEV.VOICE_ANALYSIS (VOICE_ANALYSIS_SQ,VOICE_DECIBEL,VOICE_RANGE,ANS_SQ) values (110,38,82,3);
Insert into AI_INTERVIEW_DEV.VOICE_ANALYSIS (VOICE_ANALYSIS_SQ,VOICE_DECIBEL,VOICE_RANGE,ANS_SQ) values (111,39,85,3);
Insert into AI_INTERVIEW_DEV.VOICE_ANALYSIS (VOICE_ANALYSIS_SQ,VOICE_DECIBEL,VOICE_RANGE,ANS_SQ) values (112,39,91,3);
Insert into AI_INTERVIEW_DEV.VOICE_ANALYSIS (VOICE_ANALYSIS_SQ,VOICE_DECIBEL,VOICE_RANGE,ANS_SQ) values (113,39,91,3);
Insert into AI_INTERVIEW_DEV.VOICE_ANALYSIS (VOICE_ANALYSIS_SQ,VOICE_DECIBEL,VOICE_RANGE,ANS_SQ) values (114,39,89,3);
Insert into AI_INTERVIEW_DEV.VOICE_ANALYSIS (VOICE_ANALYSIS_SQ,VOICE_DECIBEL,VOICE_RANGE,ANS_SQ) values (115,39,87,3);
Insert into AI_INTERVIEW_DEV.VOICE_ANALYSIS (VOICE_ANALYSIS_SQ,VOICE_DECIBEL,VOICE_RANGE,ANS_SQ) values (116,39,85,3);
Insert into AI_INTERVIEW_DEV.VOICE_ANALYSIS (VOICE_ANALYSIS_SQ,VOICE_DECIBEL,VOICE_RANGE,ANS_SQ) values (117,38,83,3);
Insert into AI_INTERVIEW_DEV.VOICE_ANALYSIS (VOICE_ANALYSIS_SQ,VOICE_DECIBEL,VOICE_RANGE,ANS_SQ) values (118,38,80,3);
Insert into AI_INTERVIEW_DEV.VOICE_ANALYSIS (VOICE_ANALYSIS_SQ,VOICE_DECIBEL,VOICE_RANGE,ANS_SQ) values (119,38,81,3);
Insert into AI_INTERVIEW_DEV.VOICE_ANALYSIS (VOICE_ANALYSIS_SQ,VOICE_DECIBEL,VOICE_RANGE,ANS_SQ) values (120,38,81,3);
Insert into AI_INTERVIEW_DEV.VOICE_ANALYSIS (VOICE_ANALYSIS_SQ,VOICE_DECIBEL,VOICE_RANGE,ANS_SQ) values (121,39,87,3);
Insert into AI_INTERVIEW_DEV.VOICE_ANALYSIS (VOICE_ANALYSIS_SQ,VOICE_DECIBEL,VOICE_RANGE,ANS_SQ) values (122,39,90,3);
Insert into AI_INTERVIEW_DEV.VOICE_ANALYSIS (VOICE_ANALYSIS_SQ,VOICE_DECIBEL,VOICE_RANGE,ANS_SQ) values (123,40,96,3);
Insert into AI_INTERVIEW_DEV.VOICE_ANALYSIS (VOICE_ANALYSIS_SQ,VOICE_DECIBEL,VOICE_RANGE,ANS_SQ) values (124,40,95,3);
Insert into AI_INTERVIEW_DEV.VOICE_ANALYSIS (VOICE_ANALYSIS_SQ,VOICE_DECIBEL,VOICE_RANGE,ANS_SQ) values (125,40,96,3);
Insert into AI_INTERVIEW_DEV.VOICE_ANALYSIS (VOICE_ANALYSIS_SQ,VOICE_DECIBEL,VOICE_RANGE,ANS_SQ) values (126,40,94,3);
Insert into AI_INTERVIEW_DEV.VOICE_ANALYSIS (VOICE_ANALYSIS_SQ,VOICE_DECIBEL,VOICE_RANGE,ANS_SQ) values (127,40,96,3);
Insert into AI_INTERVIEW_DEV.VOICE_ANALYSIS (VOICE_ANALYSIS_SQ,VOICE_DECIBEL,VOICE_RANGE,ANS_SQ) values (128,40,100,3);
Insert into AI_INTERVIEW_DEV.VOICE_ANALYSIS (VOICE_ANALYSIS_SQ,VOICE_DECIBEL,VOICE_RANGE,ANS_SQ) values (129,40,100,3);
Insert into AI_INTERVIEW_DEV.VOICE_ANALYSIS (VOICE_ANALYSIS_SQ,VOICE_DECIBEL,VOICE_RANGE,ANS_SQ) values (130,40,100,3);
Insert into AI_INTERVIEW_DEV.VOICE_ANALYSIS (VOICE_ANALYSIS_SQ,VOICE_DECIBEL,VOICE_RANGE,ANS_SQ) values (131,40,101,3);
Insert into AI_INTERVIEW_DEV.VOICE_ANALYSIS (VOICE_ANALYSIS_SQ,VOICE_DECIBEL,VOICE_RANGE,ANS_SQ) values (132,40,100,3);
Insert into AI_INTERVIEW_DEV.VOICE_ANALYSIS (VOICE_ANALYSIS_SQ,VOICE_DECIBEL,VOICE_RANGE,ANS_SQ) values (133,40,100,3);
Insert into AI_INTERVIEW_DEV.VOICE_ANALYSIS (VOICE_ANALYSIS_SQ,VOICE_DECIBEL,VOICE_RANGE,ANS_SQ) values (134,40,97,3);
Insert into AI_INTERVIEW_DEV.VOICE_ANALYSIS (VOICE_ANALYSIS_SQ,VOICE_DECIBEL,VOICE_RANGE,ANS_SQ) values (135,40,95,3);
Insert into AI_INTERVIEW_DEV.VOICE_ANALYSIS (VOICE_ANALYSIS_SQ,VOICE_DECIBEL,VOICE_RANGE,ANS_SQ) values (136,40,94,3);
Insert into AI_INTERVIEW_DEV.VOICE_ANALYSIS (VOICE_ANALYSIS_SQ,VOICE_DECIBEL,VOICE_RANGE,ANS_SQ) values (137,39,91,3);
Insert into AI_INTERVIEW_DEV.VOICE_ANALYSIS (VOICE_ANALYSIS_SQ,VOICE_DECIBEL,VOICE_RANGE,ANS_SQ) values (138,39,89,3);
Insert into AI_INTERVIEW_DEV.VOICE_ANALYSIS (VOICE_ANALYSIS_SQ,VOICE_DECIBEL,VOICE_RANGE,ANS_SQ) values (139,39,87,3);
Insert into AI_INTERVIEW_DEV.VOICE_ANALYSIS (VOICE_ANALYSIS_SQ,VOICE_DECIBEL,VOICE_RANGE,ANS_SQ) values (140,39,85,3);
Insert into AI_INTERVIEW_DEV.VOICE_ANALYSIS (VOICE_ANALYSIS_SQ,VOICE_DECIBEL,VOICE_RANGE,ANS_SQ) values (141,14,4,4);
Insert into AI_INTERVIEW_DEV.VOICE_ANALYSIS (VOICE_ANALYSIS_SQ,VOICE_DECIBEL,VOICE_RANGE,ANS_SQ) values (142,20,9,4);
Insert into AI_INTERVIEW_DEV.VOICE_ANALYSIS (VOICE_ANALYSIS_SQ,VOICE_DECIBEL,VOICE_RANGE,ANS_SQ) values (143,22,11,4);
Insert into AI_INTERVIEW_DEV.VOICE_ANALYSIS (VOICE_ANALYSIS_SQ,VOICE_DECIBEL,VOICE_RANGE,ANS_SQ) values (144,33,44,4);
Insert into AI_INTERVIEW_DEV.VOICE_ANALYSIS (VOICE_ANALYSIS_SQ,VOICE_DECIBEL,VOICE_RANGE,ANS_SQ) values (145,34,49,4);
Insert into AI_INTERVIEW_DEV.VOICE_ANALYSIS (VOICE_ANALYSIS_SQ,VOICE_DECIBEL,VOICE_RANGE,ANS_SQ) values (146,35,55,4);
Insert into AI_INTERVIEW_DEV.VOICE_ANALYSIS (VOICE_ANALYSIS_SQ,VOICE_DECIBEL,VOICE_RANGE,ANS_SQ) values (147,37,70,4);
Insert into AI_INTERVIEW_DEV.VOICE_ANALYSIS (VOICE_ANALYSIS_SQ,VOICE_DECIBEL,VOICE_RANGE,ANS_SQ) values (148,37,72,4);
Insert into AI_INTERVIEW_DEV.VOICE_ANALYSIS (VOICE_ANALYSIS_SQ,VOICE_DECIBEL,VOICE_RANGE,ANS_SQ) values (149,38,75,4);
Insert into AI_INTERVIEW_DEV.VOICE_ANALYSIS (VOICE_ANALYSIS_SQ,VOICE_DECIBEL,VOICE_RANGE,ANS_SQ) values (150,38,76,4);
Insert into AI_INTERVIEW_DEV.VOICE_ANALYSIS (VOICE_ANALYSIS_SQ,VOICE_DECIBEL,VOICE_RANGE,ANS_SQ) values (151,38,74,4);
Insert into AI_INTERVIEW_DEV.VOICE_ANALYSIS (VOICE_ANALYSIS_SQ,VOICE_DECIBEL,VOICE_RANGE,ANS_SQ) values (152,37,72,4);
Insert into AI_INTERVIEW_DEV.VOICE_ANALYSIS (VOICE_ANALYSIS_SQ,VOICE_DECIBEL,VOICE_RANGE,ANS_SQ) values (153,38,74,4);
Insert into AI_INTERVIEW_DEV.VOICE_ANALYSIS (VOICE_ANALYSIS_SQ,VOICE_DECIBEL,VOICE_RANGE,ANS_SQ) values (154,38,75,4);
Insert into AI_INTERVIEW_DEV.VOICE_ANALYSIS (VOICE_ANALYSIS_SQ,VOICE_DECIBEL,VOICE_RANGE,ANS_SQ) values (155,39,84,4);
Insert into AI_INTERVIEW_DEV.VOICE_ANALYSIS (VOICE_ANALYSIS_SQ,VOICE_DECIBEL,VOICE_RANGE,ANS_SQ) values (156,38,83,4);
Insert into AI_INTERVIEW_DEV.VOICE_ANALYSIS (VOICE_ANALYSIS_SQ,VOICE_DECIBEL,VOICE_RANGE,ANS_SQ) values (157,39,89,4);
Insert into AI_INTERVIEW_DEV.VOICE_ANALYSIS (VOICE_ANALYSIS_SQ,VOICE_DECIBEL,VOICE_RANGE,ANS_SQ) values (158,39,88,4);
Insert into AI_INTERVIEW_DEV.VOICE_ANALYSIS (VOICE_ANALYSIS_SQ,VOICE_DECIBEL,VOICE_RANGE,ANS_SQ) values (159,39,89,4);
Insert into AI_INTERVIEW_DEV.VOICE_ANALYSIS (VOICE_ANALYSIS_SQ,VOICE_DECIBEL,VOICE_RANGE,ANS_SQ) values (160,39,91,4);
Insert into AI_INTERVIEW_DEV.VOICE_ANALYSIS (VOICE_ANALYSIS_SQ,VOICE_DECIBEL,VOICE_RANGE,ANS_SQ) values (161,39,89,4);
Insert into AI_INTERVIEW_DEV.VOICE_ANALYSIS (VOICE_ANALYSIS_SQ,VOICE_DECIBEL,VOICE_RANGE,ANS_SQ) values (162,39,87,4);
Insert into AI_INTERVIEW_DEV.VOICE_ANALYSIS (VOICE_ANALYSIS_SQ,VOICE_DECIBEL,VOICE_RANGE,ANS_SQ) values (163,39,85,4);
Insert into AI_INTERVIEW_DEV.VOICE_ANALYSIS (VOICE_ANALYSIS_SQ,VOICE_DECIBEL,VOICE_RANGE,ANS_SQ) values (164,38,83,4);
Insert into AI_INTERVIEW_DEV.VOICE_ANALYSIS (VOICE_ANALYSIS_SQ,VOICE_DECIBEL,VOICE_RANGE,ANS_SQ) values (165,38,81,4);
Insert into AI_INTERVIEW_DEV.VOICE_ANALYSIS (VOICE_ANALYSIS_SQ,VOICE_DECIBEL,VOICE_RANGE,ANS_SQ) values (166,38,82,4);
Insert into AI_INTERVIEW_DEV.VOICE_ANALYSIS (VOICE_ANALYSIS_SQ,VOICE_DECIBEL,VOICE_RANGE,ANS_SQ) values (167,38,81,4);
Insert into AI_INTERVIEW_DEV.VOICE_ANALYSIS (VOICE_ANALYSIS_SQ,VOICE_DECIBEL,VOICE_RANGE,ANS_SQ) values (168,38,79,4);
Insert into AI_INTERVIEW_DEV.VOICE_ANALYSIS (VOICE_ANALYSIS_SQ,VOICE_DECIBEL,VOICE_RANGE,ANS_SQ) values (169,38,77,4);
Insert into AI_INTERVIEW_DEV.VOICE_ANALYSIS (VOICE_ANALYSIS_SQ,VOICE_DECIBEL,VOICE_RANGE,ANS_SQ) values (170,38,77,4);
Insert into AI_INTERVIEW_DEV.VOICE_ANALYSIS (VOICE_ANALYSIS_SQ,VOICE_DECIBEL,VOICE_RANGE,ANS_SQ) values (171,38,75,4);
Insert into AI_INTERVIEW_DEV.VOICE_ANALYSIS (VOICE_ANALYSIS_SQ,VOICE_DECIBEL,VOICE_RANGE,ANS_SQ) values (172,37,73,4);
Insert into AI_INTERVIEW_DEV.VOICE_ANALYSIS (VOICE_ANALYSIS_SQ,VOICE_DECIBEL,VOICE_RANGE,ANS_SQ) values (173,37,73,4);
Insert into AI_INTERVIEW_DEV.VOICE_ANALYSIS (VOICE_ANALYSIS_SQ,VOICE_DECIBEL,VOICE_RANGE,ANS_SQ) values (174,37,72,4);
Insert into AI_INTERVIEW_DEV.VOICE_ANALYSIS (VOICE_ANALYSIS_SQ,VOICE_DECIBEL,VOICE_RANGE,ANS_SQ) values (175,37,71,4);
Insert into AI_INTERVIEW_DEV.VOICE_ANALYSIS (VOICE_ANALYSIS_SQ,VOICE_DECIBEL,VOICE_RANGE,ANS_SQ) values (176,37,69,4);
Insert into AI_INTERVIEW_DEV.VOICE_ANALYSIS (VOICE_ANALYSIS_SQ,VOICE_DECIBEL,VOICE_RANGE,ANS_SQ) values (177,37,67,4);
Insert into AI_INTERVIEW_DEV.VOICE_ANALYSIS (VOICE_ANALYSIS_SQ,VOICE_DECIBEL,VOICE_RANGE,ANS_SQ) values (178,36,65,4);
Insert into AI_INTERVIEW_DEV.VOICE_ANALYSIS (VOICE_ANALYSIS_SQ,VOICE_DECIBEL,VOICE_RANGE,ANS_SQ) values (179,36,65,4);
Insert into AI_INTERVIEW_DEV.VOICE_ANALYSIS (VOICE_ANALYSIS_SQ,VOICE_DECIBEL,VOICE_RANGE,ANS_SQ) values (180,36,63,4);
Insert into AI_INTERVIEW_DEV.VOICE_ANALYSIS (VOICE_ANALYSIS_SQ,VOICE_DECIBEL,VOICE_RANGE,ANS_SQ) values (181,36,63,4);
Insert into AI_INTERVIEW_DEV.VOICE_ANALYSIS (VOICE_ANALYSIS_SQ,VOICE_DECIBEL,VOICE_RANGE,ANS_SQ) values (182,36,63,4);
Insert into AI_INTERVIEW_DEV.VOICE_ANALYSIS (VOICE_ANALYSIS_SQ,VOICE_DECIBEL,VOICE_RANGE,ANS_SQ) values (183,36,63,4);
Insert into AI_INTERVIEW_DEV.VOICE_ANALYSIS (VOICE_ANALYSIS_SQ,VOICE_DECIBEL,VOICE_RANGE,ANS_SQ) values (184,36,61,4);
Insert into AI_INTERVIEW_DEV.VOICE_ANALYSIS (VOICE_ANALYSIS_SQ,VOICE_DECIBEL,VOICE_RANGE,ANS_SQ) values (185,36,61,4);
Insert into AI_INTERVIEW_DEV.VOICE_ANALYSIS (VOICE_ANALYSIS_SQ,VOICE_DECIBEL,VOICE_RANGE,ANS_SQ) values (186,36,64,4);
Insert into AI_INTERVIEW_DEV.VOICE_ANALYSIS (VOICE_ANALYSIS_SQ,VOICE_DECIBEL,VOICE_RANGE,ANS_SQ) values (187,37,67,4);
Insert into AI_INTERVIEW_DEV.VOICE_ANALYSIS (VOICE_ANALYSIS_SQ,VOICE_DECIBEL,VOICE_RANGE,ANS_SQ) values (188,37,68,4);
Insert into AI_INTERVIEW_DEV.VOICE_ANALYSIS (VOICE_ANALYSIS_SQ,VOICE_DECIBEL,VOICE_RANGE,ANS_SQ) values (189,37,69,4);
Insert into AI_INTERVIEW_DEV.VOICE_ANALYSIS (VOICE_ANALYSIS_SQ,VOICE_DECIBEL,VOICE_RANGE,ANS_SQ) values (190,37,69,4);
Insert into AI_INTERVIEW_DEV.VOICE_ANALYSIS (VOICE_ANALYSIS_SQ,VOICE_DECIBEL,VOICE_RANGE,ANS_SQ) values (191,37,68,4);
Insert into AI_INTERVIEW_DEV.VOICE_ANALYSIS (VOICE_ANALYSIS_SQ,VOICE_DECIBEL,VOICE_RANGE,ANS_SQ) values (192,37,66,4);
Insert into AI_INTERVIEW_DEV.VOICE_ANALYSIS (VOICE_ANALYSIS_SQ,VOICE_DECIBEL,VOICE_RANGE,ANS_SQ) values (193,36,64,4);
Insert into AI_INTERVIEW_DEV.VOICE_ANALYSIS (VOICE_ANALYSIS_SQ,VOICE_DECIBEL,VOICE_RANGE,ANS_SQ) values (194,36,65,4);
Insert into AI_INTERVIEW_DEV.VOICE_ANALYSIS (VOICE_ANALYSIS_SQ,VOICE_DECIBEL,VOICE_RANGE,ANS_SQ) values (195,37,67,4);
Insert into AI_INTERVIEW_DEV.VOICE_ANALYSIS (VOICE_ANALYSIS_SQ,VOICE_DECIBEL,VOICE_RANGE,ANS_SQ) values (196,37,67,4);
Insert into AI_INTERVIEW_DEV.VOICE_ANALYSIS (VOICE_ANALYSIS_SQ,VOICE_DECIBEL,VOICE_RANGE,ANS_SQ) values (197,37,67,4);
Insert into AI_INTERVIEW_DEV.VOICE_ANALYSIS (VOICE_ANALYSIS_SQ,VOICE_DECIBEL,VOICE_RANGE,ANS_SQ) values (198,38,75,4);
Insert into AI_INTERVIEW_DEV.VOICE_ANALYSIS (VOICE_ANALYSIS_SQ,VOICE_DECIBEL,VOICE_RANGE,ANS_SQ) values (199,38,77,4);
Insert into AI_INTERVIEW_DEV.VOICE_ANALYSIS (VOICE_ANALYSIS_SQ,VOICE_DECIBEL,VOICE_RANGE,ANS_SQ) values (200,38,75,4);
Insert into AI_INTERVIEW_DEV.VOICE_ANALYSIS (VOICE_ANALYSIS_SQ,VOICE_DECIBEL,VOICE_RANGE,ANS_SQ) values (201,38,74,4);
Insert into AI_INTERVIEW_DEV.VOICE_ANALYSIS (VOICE_ANALYSIS_SQ,VOICE_DECIBEL,VOICE_RANGE,ANS_SQ) values (202,37,73,4);
Insert into AI_INTERVIEW_DEV.VOICE_ANALYSIS (VOICE_ANALYSIS_SQ,VOICE_DECIBEL,VOICE_RANGE,ANS_SQ) values (203,37,72,4);
Insert into AI_INTERVIEW_DEV.VOICE_ANALYSIS (VOICE_ANALYSIS_SQ,VOICE_DECIBEL,VOICE_RANGE,ANS_SQ) values (204,38,74,4);
Insert into AI_INTERVIEW_DEV.VOICE_ANALYSIS (VOICE_ANALYSIS_SQ,VOICE_DECIBEL,VOICE_RANGE,ANS_SQ) values (205,38,75,4);
Insert into AI_INTERVIEW_DEV.VOICE_ANALYSIS (VOICE_ANALYSIS_SQ,VOICE_DECIBEL,VOICE_RANGE,ANS_SQ) values (206,38,75,4);
Insert into AI_INTERVIEW_DEV.VOICE_ANALYSIS (VOICE_ANALYSIS_SQ,VOICE_DECIBEL,VOICE_RANGE,ANS_SQ) values (207,38,75,4);
Insert into AI_INTERVIEW_DEV.VOICE_ANALYSIS (VOICE_ANALYSIS_SQ,VOICE_DECIBEL,VOICE_RANGE,ANS_SQ) values (208,38,74,4);
Insert into AI_INTERVIEW_DEV.VOICE_ANALYSIS (VOICE_ANALYSIS_SQ,VOICE_DECIBEL,VOICE_RANGE,ANS_SQ) values (209,37,73,4);
Insert into AI_INTERVIEW_DEV.VOICE_ANALYSIS (VOICE_ANALYSIS_SQ,VOICE_DECIBEL,VOICE_RANGE,ANS_SQ) values (210,37,72,4);
Insert into AI_INTERVIEW_DEV.VOICE_ANALYSIS (VOICE_ANALYSIS_SQ,VOICE_DECIBEL,VOICE_RANGE,ANS_SQ) values (211,37,71,4);
Insert into AI_INTERVIEW_DEV.VOICE_ANALYSIS (VOICE_ANALYSIS_SQ,VOICE_DECIBEL,VOICE_RANGE,ANS_SQ) values (212,37,72,4);
Insert into AI_INTERVIEW_DEV.VOICE_ANALYSIS (VOICE_ANALYSIS_SQ,VOICE_DECIBEL,VOICE_RANGE,ANS_SQ) values (213,37,70,4);
Insert into AI_INTERVIEW_DEV.VOICE_ANALYSIS (VOICE_ANALYSIS_SQ,VOICE_DECIBEL,VOICE_RANGE,ANS_SQ) values (214,37,73,4);
Insert into AI_INTERVIEW_DEV.VOICE_ANALYSIS (VOICE_ANALYSIS_SQ,VOICE_DECIBEL,VOICE_RANGE,ANS_SQ) values (215,0,0,5);
Insert into AI_INTERVIEW_DEV.VOICE_ANALYSIS (VOICE_ANALYSIS_SQ,VOICE_DECIBEL,VOICE_RANGE,ANS_SQ) values (216,12,3,5);
Insert into AI_INTERVIEW_DEV.VOICE_ANALYSIS (VOICE_ANALYSIS_SQ,VOICE_DECIBEL,VOICE_RANGE,ANS_SQ) values (217,14,4,5);
Insert into AI_INTERVIEW_DEV.VOICE_ANALYSIS (VOICE_ANALYSIS_SQ,VOICE_DECIBEL,VOICE_RANGE,ANS_SQ) values (218,17,6,5);
Insert into AI_INTERVIEW_DEV.VOICE_ANALYSIS (VOICE_ANALYSIS_SQ,VOICE_DECIBEL,VOICE_RANGE,ANS_SQ) values (219,25,16,5);
Insert into AI_INTERVIEW_DEV.VOICE_ANALYSIS (VOICE_ANALYSIS_SQ,VOICE_DECIBEL,VOICE_RANGE,ANS_SQ) values (220,26,20,5);
Insert into AI_INTERVIEW_DEV.VOICE_ANALYSIS (VOICE_ANALYSIS_SQ,VOICE_DECIBEL,VOICE_RANGE,ANS_SQ) values (221,28,23,5);
Insert into AI_INTERVIEW_DEV.VOICE_ANALYSIS (VOICE_ANALYSIS_SQ,VOICE_DECIBEL,VOICE_RANGE,ANS_SQ) values (222,33,44,5);
Insert into AI_INTERVIEW_DEV.VOICE_ANALYSIS (VOICE_ANALYSIS_SQ,VOICE_DECIBEL,VOICE_RANGE,ANS_SQ) values (223,37,66,5);
Insert into AI_INTERVIEW_DEV.VOICE_ANALYSIS (VOICE_ANALYSIS_SQ,VOICE_DECIBEL,VOICE_RANGE,ANS_SQ) values (224,37,69,5);
Insert into AI_INTERVIEW_DEV.VOICE_ANALYSIS (VOICE_ANALYSIS_SQ,VOICE_DECIBEL,VOICE_RANGE,ANS_SQ) values (225,37,69,5);
Insert into AI_INTERVIEW_DEV.VOICE_ANALYSIS (VOICE_ANALYSIS_SQ,VOICE_DECIBEL,VOICE_RANGE,ANS_SQ) values (226,37,70,5);
Insert into AI_INTERVIEW_DEV.VOICE_ANALYSIS (VOICE_ANALYSIS_SQ,VOICE_DECIBEL,VOICE_RANGE,ANS_SQ) values (227,38,74,5);
Insert into AI_INTERVIEW_DEV.VOICE_ANALYSIS (VOICE_ANALYSIS_SQ,VOICE_DECIBEL,VOICE_RANGE,ANS_SQ) values (228,38,75,5);
Insert into AI_INTERVIEW_DEV.VOICE_ANALYSIS (VOICE_ANALYSIS_SQ,VOICE_DECIBEL,VOICE_RANGE,ANS_SQ) values (229,38,78,5);
Insert into AI_INTERVIEW_DEV.VOICE_ANALYSIS (VOICE_ANALYSIS_SQ,VOICE_DECIBEL,VOICE_RANGE,ANS_SQ) values (230,38,76,5);
Insert into AI_INTERVIEW_DEV.VOICE_ANALYSIS (VOICE_ANALYSIS_SQ,VOICE_DECIBEL,VOICE_RANGE,ANS_SQ) values (231,38,74,5);
Insert into AI_INTERVIEW_DEV.VOICE_ANALYSIS (VOICE_ANALYSIS_SQ,VOICE_DECIBEL,VOICE_RANGE,ANS_SQ) values (232,38,78,5);
Insert into AI_INTERVIEW_DEV.VOICE_ANALYSIS (VOICE_ANALYSIS_SQ,VOICE_DECIBEL,VOICE_RANGE,ANS_SQ) values (233,38,80,5);
Insert into AI_INTERVIEW_DEV.VOICE_ANALYSIS (VOICE_ANALYSIS_SQ,VOICE_DECIBEL,VOICE_RANGE,ANS_SQ) values (234,38,83,5);
Insert into AI_INTERVIEW_DEV.VOICE_ANALYSIS (VOICE_ANALYSIS_SQ,VOICE_DECIBEL,VOICE_RANGE,ANS_SQ) values (235,40,103,5);
Insert into AI_INTERVIEW_DEV.VOICE_ANALYSIS (VOICE_ANALYSIS_SQ,VOICE_DECIBEL,VOICE_RANGE,ANS_SQ) values (236,40,104,5);
Insert into AI_INTERVIEW_DEV.VOICE_ANALYSIS (VOICE_ANALYSIS_SQ,VOICE_DECIBEL,VOICE_RANGE,ANS_SQ) values (237,40,102,5);
Insert into AI_INTERVIEW_DEV.VOICE_ANALYSIS (VOICE_ANALYSIS_SQ,VOICE_DECIBEL,VOICE_RANGE,ANS_SQ) values (238,40,99,5);
Insert into AI_INTERVIEW_DEV.VOICE_ANALYSIS (VOICE_ANALYSIS_SQ,VOICE_DECIBEL,VOICE_RANGE,ANS_SQ) values (239,40,100,5);
Insert into AI_INTERVIEW_DEV.VOICE_ANALYSIS (VOICE_ANALYSIS_SQ,VOICE_DECIBEL,VOICE_RANGE,ANS_SQ) values (240,40,103,5);
Insert into AI_INTERVIEW_DEV.VOICE_ANALYSIS (VOICE_ANALYSIS_SQ,VOICE_DECIBEL,VOICE_RANGE,ANS_SQ) values (241,40,103,5);
Insert into AI_INTERVIEW_DEV.VOICE_ANALYSIS (VOICE_ANALYSIS_SQ,VOICE_DECIBEL,VOICE_RANGE,ANS_SQ) values (242,40,102,5);
Insert into AI_INTERVIEW_DEV.VOICE_ANALYSIS (VOICE_ANALYSIS_SQ,VOICE_DECIBEL,VOICE_RANGE,ANS_SQ) values (243,40,100,5);
Insert into AI_INTERVIEW_DEV.VOICE_ANALYSIS (VOICE_ANALYSIS_SQ,VOICE_DECIBEL,VOICE_RANGE,ANS_SQ) values (244,40,101,5);
Insert into AI_INTERVIEW_DEV.VOICE_ANALYSIS (VOICE_ANALYSIS_SQ,VOICE_DECIBEL,VOICE_RANGE,ANS_SQ) values (245,40,102,5);
Insert into AI_INTERVIEW_DEV.VOICE_ANALYSIS (VOICE_ANALYSIS_SQ,VOICE_DECIBEL,VOICE_RANGE,ANS_SQ) values (246,40,101,5);
Insert into AI_INTERVIEW_DEV.VOICE_ANALYSIS (VOICE_ANALYSIS_SQ,VOICE_DECIBEL,VOICE_RANGE,ANS_SQ) values (247,40,101,5);
Insert into AI_INTERVIEW_DEV.VOICE_ANALYSIS (VOICE_ANALYSIS_SQ,VOICE_DECIBEL,VOICE_RANGE,ANS_SQ) values (248,40,102,5);
Insert into AI_INTERVIEW_DEV.VOICE_ANALYSIS (VOICE_ANALYSIS_SQ,VOICE_DECIBEL,VOICE_RANGE,ANS_SQ) values (249,40,101,5);
Insert into AI_INTERVIEW_DEV.VOICE_ANALYSIS (VOICE_ANALYSIS_SQ,VOICE_DECIBEL,VOICE_RANGE,ANS_SQ) values (250,40,102,5);
Insert into AI_INTERVIEW_DEV.VOICE_ANALYSIS (VOICE_ANALYSIS_SQ,VOICE_DECIBEL,VOICE_RANGE,ANS_SQ) values (251,40,101,5);
Insert into AI_INTERVIEW_DEV.VOICE_ANALYSIS (VOICE_ANALYSIS_SQ,VOICE_DECIBEL,VOICE_RANGE,ANS_SQ) values (252,41,110,5);
Insert into AI_INTERVIEW_DEV.VOICE_ANALYSIS (VOICE_ANALYSIS_SQ,VOICE_DECIBEL,VOICE_RANGE,ANS_SQ) values (253,41,109,5);
Insert into AI_INTERVIEW_DEV.VOICE_ANALYSIS (VOICE_ANALYSIS_SQ,VOICE_DECIBEL,VOICE_RANGE,ANS_SQ) values (254,41,108,5);
Insert into AI_INTERVIEW_DEV.VOICE_ANALYSIS (VOICE_ANALYSIS_SQ,VOICE_DECIBEL,VOICE_RANGE,ANS_SQ) values (255,41,106,5);
Insert into AI_INTERVIEW_DEV.VOICE_ANALYSIS (VOICE_ANALYSIS_SQ,VOICE_DECIBEL,VOICE_RANGE,ANS_SQ) values (256,40,104,5);
Insert into AI_INTERVIEW_DEV.VOICE_ANALYSIS (VOICE_ANALYSIS_SQ,VOICE_DECIBEL,VOICE_RANGE,ANS_SQ) values (257,40,102,5);
Insert into AI_INTERVIEW_DEV.VOICE_ANALYSIS (VOICE_ANALYSIS_SQ,VOICE_DECIBEL,VOICE_RANGE,ANS_SQ) values (258,40,100,5);
Insert into AI_INTERVIEW_DEV.VOICE_ANALYSIS (VOICE_ANALYSIS_SQ,VOICE_DECIBEL,VOICE_RANGE,ANS_SQ) values (259,40,98,5);

-- HABIT
INSERT INTO HABIT VALUES(1,'음','Y');
INSERT INTO HABIT VALUES(2,'물론','Y');
INSERT INTO HABIT VALUES(3,'저는','Y');
INSERT INTO HABIT VALUES(4,'그게','Y');
INSERT INTO HABIT VALUES(5,'어','Y');

--HABIT_ANALYSIS
Insert into AI_INTERVIEW_DEV.HABIT_ANALYSIS (HABIT_SQ,ANS_SQ,HABIT_COUNT) values (1,1,0);
Insert into AI_INTERVIEW_DEV.HABIT_ANALYSIS (HABIT_SQ,ANS_SQ,HABIT_COUNT) values (2,1,0);
Insert into AI_INTERVIEW_DEV.HABIT_ANALYSIS (HABIT_SQ,ANS_SQ,HABIT_COUNT) values (3,1,0);
Insert into AI_INTERVIEW_DEV.HABIT_ANALYSIS (HABIT_SQ,ANS_SQ,HABIT_COUNT) values (4,1,0);
Insert into AI_INTERVIEW_DEV.HABIT_ANALYSIS (HABIT_SQ,ANS_SQ,HABIT_COUNT) values (5,1,1);
Insert into AI_INTERVIEW_DEV.HABIT_ANALYSIS (HABIT_SQ,ANS_SQ,HABIT_COUNT) values (1,2,0);
Insert into AI_INTERVIEW_DEV.HABIT_ANALYSIS (HABIT_SQ,ANS_SQ,HABIT_COUNT) values (2,2,0);
Insert into AI_INTERVIEW_DEV.HABIT_ANALYSIS (HABIT_SQ,ANS_SQ,HABIT_COUNT) values (3,2,0);
Insert into AI_INTERVIEW_DEV.HABIT_ANALYSIS (HABIT_SQ,ANS_SQ,HABIT_COUNT) values (4,2,0);
Insert into AI_INTERVIEW_DEV.HABIT_ANALYSIS (HABIT_SQ,ANS_SQ,HABIT_COUNT) values (5,2,2);
Insert into AI_INTERVIEW_DEV.HABIT_ANALYSIS (HABIT_SQ,ANS_SQ,HABIT_COUNT) values (1,3,0);
Insert into AI_INTERVIEW_DEV.HABIT_ANALYSIS (HABIT_SQ,ANS_SQ,HABIT_COUNT) values (2,3,0);
Insert into AI_INTERVIEW_DEV.HABIT_ANALYSIS (HABIT_SQ,ANS_SQ,HABIT_COUNT) values (3,3,0);
Insert into AI_INTERVIEW_DEV.HABIT_ANALYSIS (HABIT_SQ,ANS_SQ,HABIT_COUNT) values (4,3,0);
Insert into AI_INTERVIEW_DEV.HABIT_ANALYSIS (HABIT_SQ,ANS_SQ,HABIT_COUNT) values (5,3,0);
Insert into AI_INTERVIEW_DEV.HABIT_ANALYSIS (HABIT_SQ,ANS_SQ,HABIT_COUNT) values (1,4,0);
Insert into AI_INTERVIEW_DEV.HABIT_ANALYSIS (HABIT_SQ,ANS_SQ,HABIT_COUNT) values (2,4,0);
Insert into AI_INTERVIEW_DEV.HABIT_ANALYSIS (HABIT_SQ,ANS_SQ,HABIT_COUNT) values (3,4,0);
Insert into AI_INTERVIEW_DEV.HABIT_ANALYSIS (HABIT_SQ,ANS_SQ,HABIT_COUNT) values (4,4,0);
Insert into AI_INTERVIEW_DEV.HABIT_ANALYSIS (HABIT_SQ,ANS_SQ,HABIT_COUNT) values (5,4,1);
Insert into AI_INTERVIEW_DEV.HABIT_ANALYSIS (HABIT_SQ,ANS_SQ,HABIT_COUNT) values (1,5,0);
Insert into AI_INTERVIEW_DEV.HABIT_ANALYSIS (HABIT_SQ,ANS_SQ,HABIT_COUNT) values (2,5,0);
Insert into AI_INTERVIEW_DEV.HABIT_ANALYSIS (HABIT_SQ,ANS_SQ,HABIT_COUNT) values (3,5,0);
Insert into AI_INTERVIEW_DEV.HABIT_ANALYSIS (HABIT_SQ,ANS_SQ,HABIT_COUNT) values (4,5,0);
Insert into AI_INTERVIEW_DEV.HABIT_ANALYSIS (HABIT_SQ,ANS_SQ,HABIT_COUNT) values (5,5,1);

--REPEAT_ANLAYSIS
Insert into AI_INTERVIEW_DEV.REPEAT_ANALYSIS (REPEAT_ANALYSIS_SQ,REPEAT_COUNT,REPEAT_CONTENT,ANS_SQ) values (1,1,'군대',1);
Insert into AI_INTERVIEW_DEV.REPEAT_ANALYSIS (REPEAT_ANALYSIS_SQ,REPEAT_COUNT,REPEAT_CONTENT,ANS_SQ) values (2,1,'적성',1);
Insert into AI_INTERVIEW_DEV.REPEAT_ANALYSIS (REPEAT_ANALYSIS_SQ,REPEAT_COUNT,REPEAT_CONTENT,ANS_SQ) values (3,1,'지원',1);
Insert into AI_INTERVIEW_DEV.REPEAT_ANALYSIS (REPEAT_ANALYSIS_SQ,REPEAT_COUNT,REPEAT_CONTENT,ANS_SQ) values (4,2,'것',2);
Insert into AI_INTERVIEW_DEV.REPEAT_ANALYSIS (REPEAT_ANALYSIS_SQ,REPEAT_COUNT,REPEAT_CONTENT,ANS_SQ) values (5,1,'년',2);
Insert into AI_INTERVIEW_DEV.REPEAT_ANALYSIS (REPEAT_ANALYSIS_SQ,REPEAT_COUNT,REPEAT_CONTENT,ANS_SQ) values (6,1,'오랫동안',2);
Insert into AI_INTERVIEW_DEV.REPEAT_ANALYSIS (REPEAT_ANALYSIS_SQ,REPEAT_COUNT,REPEAT_CONTENT,ANS_SQ) values (7,2,'생각',3);
Insert into AI_INTERVIEW_DEV.REPEAT_ANALYSIS (REPEAT_ANALYSIS_SQ,REPEAT_COUNT,REPEAT_CONTENT,ANS_SQ) values (8,1,'것',3);
Insert into AI_INTERVIEW_DEV.REPEAT_ANALYSIS (REPEAT_ANALYSIS_SQ,REPEAT_COUNT,REPEAT_CONTENT,ANS_SQ) values (9,1,'기억',3);
Insert into AI_INTERVIEW_DEV.REPEAT_ANALYSIS (REPEAT_ANALYSIS_SQ,REPEAT_COUNT,REPEAT_CONTENT,ANS_SQ) values (10,2,'일',4);
Insert into AI_INTERVIEW_DEV.REPEAT_ANALYSIS (REPEAT_ANALYSIS_SQ,REPEAT_COUNT,REPEAT_CONTENT,ANS_SQ) values (11,1,'이전',4);
Insert into AI_INTERVIEW_DEV.REPEAT_ANALYSIS (REPEAT_ANALYSIS_SQ,REPEAT_COUNT,REPEAT_CONTENT,ANS_SQ) values (12,1,'담당',4);
Insert into AI_INTERVIEW_DEV.REPEAT_ANALYSIS (REPEAT_ANALYSIS_SQ,REPEAT_COUNT,REPEAT_CONTENT,ANS_SQ) values (13,4,'일',5);
Insert into AI_INTERVIEW_DEV.REPEAT_ANALYSIS (REPEAT_ANALYSIS_SQ,REPEAT_COUNT,REPEAT_CONTENT,ANS_SQ) values (14,1,'팀',5);
Insert into AI_INTERVIEW_DEV.REPEAT_ANALYSIS (REPEAT_ANALYSIS_SQ,REPEAT_COUNT,REPEAT_CONTENT,ANS_SQ) values (15,1,'년',5);

--IMAGE_ANALYSIS
Insert into AI_INTERVIEW_DEV.IMAGE_ANALYSIS (IMAGE_ANALYSIS_SQ,ANGER,CONTEMPT,FEAR,DISGUST,HAPPINESS,NEUTRAL,SADNESS,SURPRISE,FACE_TOP,FACE_LEFT,FACE_WIDTH,FACE_HEIGHT,ANS_SQ) values (1,0.006,0,0.001,0.001,0.003,0.565,0.001,0.423,49,108,112,112,1);
Insert into AI_INTERVIEW_DEV.IMAGE_ANALYSIS (IMAGE_ANALYSIS_SQ,ANGER,CONTEMPT,FEAR,DISGUST,HAPPINESS,NEUTRAL,SADNESS,SURPRISE,FACE_TOP,FACE_LEFT,FACE_WIDTH,FACE_HEIGHT,ANS_SQ) values (2,0.003,0.001,0.001,0.003,0.007,0.919,0.057,0.009,57,118,99,99,1);
Insert into AI_INTERVIEW_DEV.IMAGE_ANALYSIS (IMAGE_ANALYSIS_SQ,ANGER,CONTEMPT,FEAR,DISGUST,HAPPINESS,NEUTRAL,SADNESS,SURPRISE,FACE_TOP,FACE_LEFT,FACE_WIDTH,FACE_HEIGHT,ANS_SQ) values (3,0.011,0.001,0.004,0.005,0.004,0.631,0.022,0.323,52,124,104,104,2);
Insert into AI_INTERVIEW_DEV.IMAGE_ANALYSIS (IMAGE_ANALYSIS_SQ,ANGER,CONTEMPT,FEAR,DISGUST,HAPPINESS,NEUTRAL,SADNESS,SURPRISE,FACE_TOP,FACE_LEFT,FACE_WIDTH,FACE_HEIGHT,ANS_SQ) values (4,0.001,0.002,0,0,0.254,0.742,0.001,0,48,129,103,103,2);
Insert into AI_INTERVIEW_DEV.IMAGE_ANALYSIS (IMAGE_ANALYSIS_SQ,ANGER,CONTEMPT,FEAR,DISGUST,HAPPINESS,NEUTRAL,SADNESS,SURPRISE,FACE_TOP,FACE_LEFT,FACE_WIDTH,FACE_HEIGHT,ANS_SQ) values (5,0.004,0,0.01,0.001,0.008,0.501,0.005,0.47,42,112,122,122,3);
Insert into AI_INTERVIEW_DEV.IMAGE_ANALYSIS (IMAGE_ANALYSIS_SQ,ANGER,CONTEMPT,FEAR,DISGUST,HAPPINESS,NEUTRAL,SADNESS,SURPRISE,FACE_TOP,FACE_LEFT,FACE_WIDTH,FACE_HEIGHT,ANS_SQ) values (6,0.015,0.003,0.001,0.004,0.005,0.937,0.003,0.032,45,112,123,123,3);
Insert into AI_INTERVIEW_DEV.IMAGE_ANALYSIS (IMAGE_ANALYSIS_SQ,ANGER,CONTEMPT,FEAR,DISGUST,HAPPINESS,NEUTRAL,SADNESS,SURPRISE,FACE_TOP,FACE_LEFT,FACE_WIDTH,FACE_HEIGHT,ANS_SQ) values (7,0,0,0,0,0,0,0,0,0,0,0,0,4);
Insert into AI_INTERVIEW_DEV.IMAGE_ANALYSIS (IMAGE_ANALYSIS_SQ,ANGER,CONTEMPT,FEAR,DISGUST,HAPPINESS,NEUTRAL,SADNESS,SURPRISE,FACE_TOP,FACE_LEFT,FACE_WIDTH,FACE_HEIGHT,ANS_SQ) values (8,0,0,0,0,0,0,0,0,0,0,0,0,4);
Insert into AI_INTERVIEW_DEV.IMAGE_ANALYSIS (IMAGE_ANALYSIS_SQ,ANGER,CONTEMPT,FEAR,DISGUST,HAPPINESS,NEUTRAL,SADNESS,SURPRISE,FACE_TOP,FACE_LEFT,FACE_WIDTH,FACE_HEIGHT,ANS_SQ) values (9,0,0,0,0,0,0,0,0,0,0,0,0,4);
Insert into AI_INTERVIEW_DEV.IMAGE_ANALYSIS (IMAGE_ANALYSIS_SQ,ANGER,CONTEMPT,FEAR,DISGUST,HAPPINESS,NEUTRAL,SADNESS,SURPRISE,FACE_TOP,FACE_LEFT,FACE_WIDTH,FACE_HEIGHT,ANS_SQ) values (10,0.002,0,0.002,0.001,0.003,0.923,0.015,0.055,49,120,99,99,5);
Insert into AI_INTERVIEW_DEV.IMAGE_ANALYSIS (IMAGE_ANALYSIS_SQ,ANGER,CONTEMPT,FEAR,DISGUST,HAPPINESS,NEUTRAL,SADNESS,SURPRISE,FACE_TOP,FACE_LEFT,FACE_WIDTH,FACE_HEIGHT,ANS_SQ) values (11,0.005,0.003,0.001,0.003,0.011,0.939,0.018,0.021,54,124,103,103,5);

COMMIT;

